Status ID,Customer ID,Count,Quarter,Satisfaction Score,Customer Status,Churn Label,Churn Value,Churn Score,CLTV,Churn Category,Churn Reason
NYMPMG1613,7328-ZJAJO,1,Q4,3,Churned,Yes,1,84,4579,Other,Poor expertise of online support
GLTUXW2193,1090-PYKCI,1,Q4,2,Churned,Yes,1,47,4686,Attitude,Attitude of support person
MFSFRQ9926,3058-WQDRE,1,Q4,4,Churned,Yes,1,73,4943,Dissatisfaction,Product dissatisfaction
LNZQCN4818,2279-AXJJK,1,Q4,2,Churned,Yes,1,65,4465,Dissatisfaction,Network reliability
VNCMTJ8934,0909-SELIE,1,Q4,3,Churned,Yes,1,92,4302,Attitude,Attitude of support person
BNWNPV9964,3417-TSCIC,1,Q4,4,Churned,Yes,1,69,4161,Dissatisfaction,Limited range of services
PXURIL7765,1042-HFUCW,1,Q4,4,Churned,Yes,1,70,5136,Price,Extra data charges
EDOJKQ9954,6537-OTKMY,1,Q4,4,Churned,Yes,1,83,5091,Price,Price too high
TTTUPF5849,8999-EXMNO,1,Q4,2,Churned,Yes,1,46,4246,Dissatisfaction,Service dissatisfaction
BWBUBO7563,6725-TPKJO,1,Q4,2,Churned,Yes,1,61,2798,Other,Poor expertise of online support
QGLFKP3226,7162-WPHPM,1,Q4,3,Churned,Yes,1,69,4747,Competitor,Competitor made better offer
GKRLQJ6288,1599-MMYRQ,1,Q4,2,Churned,Yes,1,86,5179,Competitor,Competitor had better devices
YBXHSY6178,8821-KVZKQ,1,Q4,4,Churned,Yes,1,63,4117,Competitor,Competitor had better devices
CGAWTJ8146,6434-TTGJP,1,Q4,2,Churned,Yes,1,68,5671,Competitor,Competitor had better devices
JYORKP4836,0042-JVWOJ,1,Q4,3,Churned,Yes,1,46,3722,Dissatisfaction,Limited range of services
IRXHYF8931,0130-SXOUN,1,Q4,2,Churned,Yes,1,69,4889,Price,Lack of affordable download/upload speed
ZGQDFJ9977,2330-PQGDQ,1,Q4,4,Churned,Yes,1,53,4952,Dissatisfaction,Product dissatisfaction
DXASZQ2835,1452-UZOSF,1,Q4,2,Churned,Yes,1,41,4890,Other,Don't know
HKOSQH8887,2097-YVPKN,1,Q4,4,Churned,Yes,1,93,5707,Dissatisfaction,Poor expertise of online support
TNXJRZ1118,8597-CTXVJ,1,Q4,3,Churned,Yes,1,85,5392,Dissatisfaction,Product dissatisfaction
YIQDDX5727,6631-HMANX,1,Q4,3,Churned,Yes,1,73,5641,Competitor,Competitor made better offer
IVNXEM6146,9962-BFPDU,1,Q4,4,Churned,Yes,1,72,5811,Price,Lack of affordable download/upload speed
KKETXW5986,6394-HHHZM,1,Q4,3,Churned,Yes,1,43,2011,Price,Long distance charges
DSUKGD9996,5995-LFTLE,1,Q4,4,Churned,Yes,1,50,4477,Dissatisfaction,Service dissatisfaction
ZBBQFG3158,0665-XHDJU,1,Q4,4,Churned,Yes,1,71,6022,Price,Long distance charges
TNVABA7626,8265-HKSOW,1,Q4,3,Churned,Yes,1,77,4505,Price,Extra data charges
GBEQAA6173,3544-FBCAS,1,Q4,2,Churned,Yes,1,87,4116,Price,Price too high
UDHHVH6675,4759-PXTAN,1,Q4,4,Churned,Yes,1,46,4093,Price,Price too high
FUDBHU9854,7054-DMVAS,1,Q4,2,Churned,Yes,1,81,4556,Dissatisfaction,Limited range of services
MXDBOA8396,3428-MMGUB,1,Q4,4,Churned,Yes,1,94,5874,Price,Extra data charges
SMFNBU2373,6549-BTYPG,1,Q4,4,Churned,Yes,1,84,5784,Dissatisfaction,Network reliability
EVXPLW7246,7823-JSOAG,1,Q4,2,Churned,Yes,1,56,5203,Attitude,Attitude of support person
TFAMJC5154,3705-RHRFR,1,Q4,2,Churned,Yes,1,65,5031,Price,Extra data charges
HQLCMT5746,9374-YOLBJ,1,Q4,3,Churned,Yes,1,47,2053,Price,Price too high
WPLEXG3864,9074-KGVOX,1,Q4,2,Churned,Yes,1,47,6018,Dissatisfaction,Product dissatisfaction
WRGDBU1538,6128-DAFVY,1,Q4,4,Churned,Yes,1,47,4021,Other,Moved
ESBOOL5786,9933-QRGTX,1,Q4,3,Churned,Yes,1,68,4905,Competitor,Competitor had better devices
ECCMHW9264,5066-GFJMM,1,Q4,4,Churned,Yes,1,68,3716,Competitor,Competitor offered more data
BQFEHD8581,2661-GKBTK,1,Q4,3,Churned,Yes,1,72,5053,Competitor,Competitor offered more data
YIWWBW9877,0458-HEUZG,1,Q4,2,Churned,Yes,1,89,3239,Dissatisfaction,Product dissatisfaction
JWWCCD6723,7268-WNTCP,1,Q4,3,Churned,Yes,1,41,5746,Dissatisfaction,Service dissatisfaction
DVKTPT8688,0824-VWDPO,1,Q4,3,Churned,Yes,1,93,3682,Dissatisfaction,Limited range of services
HFBOUS5249,8409-WQJUX,1,Q4,2,Churned,Yes,1,44,4458,Competitor,Competitor had better devices
LZECDR1937,2578-JQPHZ,1,Q4,2,Churned,Yes,1,88,4025,Price,Extra data charges
ZOAZEH4613,3278-FSIXX,1,Q4,2,Churned,Yes,1,47,5441,Price,Price too high
RWRJMG5729,9746-UGFAC,1,Q4,4,Churned,Yes,1,87,3171,Competitor,Competitor made better offer
DOULDW2271,2946-KIQSP,1,Q4,4,Churned,Yes,1,86,2553,Competitor,Competitor made better offer
VTVQCJ5966,0625-AFOHS,1,Q4,2,Churned,Yes,1,89,2784,Attitude,Attitude of support person
KYYBJA5316,4636-OLWOE,1,Q4,3,Churned,Yes,1,76,5594,Competitor,Competitor offered more data
PKMCWY3854,4685-ERGHK,1,Q4,4,Churned,Yes,1,91,6109,Price,Lack of affordable download/upload speed
KHHZJU3952,0885-HMGPY,1,Q4,2,Churned,Yes,1,87,6469,Dissatisfaction,Service dissatisfaction
JJVSBO9887,5003-OKNNK,1,Q4,2,Churned,Yes,1,88,3205,Competitor,Competitor had better devices
CROAFZ1847,7208-PSIHR,1,Q4,3,Churned,Yes,1,90,5583,Competitor,Competitor offered higher download speeds
CVZKXX5573,4012-ZTHBR,1,Q4,4,Churned,Yes,1,74,3752,Competitor,Competitor offered more data
AQSYYM9681,0489-WMEMG,1,Q4,2,Churned,Yes,1,90,5237,Competitor,Competitor made better offer
PKXJKL6569,7435-ZNUYY,1,Q4,2,Churned,Yes,1,40,4439,Attitude,Attitude of support person
NXMOCD6598,1354-YZFNB,1,Q4,3,Churned,Yes,1,77,5573,Competitor,Competitor offered more data
BYFZTO3882,2985-FMWYF,1,Q4,2,Churned,Yes,1,93,4861,Competitor,Competitor offered more data
HDXKZR5641,2812-ENYMO,1,Q4,3,Churned,Yes,1,74,4296,Price,Price too high
TPHNDR9225,2717-HVIZY,1,Q4,3,Churned,Yes,1,52,2675,Dissatisfaction,Product dissatisfaction
CAHTZZ1355,3422-GALYP,1,Q4,3,Churned,Yes,1,85,2657,Competitor,Competitor made better offer
ZNBWIE7611,2890-WFBHU,1,Q4,2,Churned,Yes,1,84,6041,Price,Lack of affordable download/upload speed
LBKTEW6349,0327-WFZSY,1,Q4,2,Churned,Yes,1,84,5434,Price,Long distance charges
VEWVPE6871,7977-HXJKU,1,Q4,2,Churned,Yes,1,66,2447,Other,Don't know
JFGQAH8285,7033-CLAMM,1,Q4,4,Churned,Yes,1,53,3828,Other,Moved
HKGEGB2738,0864-FVJNJ,1,Q4,2,Churned,Yes,1,40,4952,Competitor,Competitor made better offer
KPYPCX1463,7356-IWLFW,1,Q4,4,Churned,Yes,1,71,3315,Attitude,Attitude of support person
HMSNDZ9674,9541-PWTWO,1,Q4,4,Churned,Yes,1,48,4924,Competitor,Competitor offered more data
WIMECX7349,3967-VQOGC,1,Q4,4,Churned,Yes,1,79,5847,Competitor,Competitor made better offer
VUAOXF6793,6308-CQRBU,1,Q4,2,Churned,Yes,1,62,5044,Price,Price too high
WGFUJX1849,0186-CAERR,1,Q4,3,Churned,Yes,1,79,4644,Price,Lack of affordable download/upload speed
RWLFHI2341,3043-SUDUA,1,Q4,2,Churned,Yes,1,49,4374,Price,Extra data charges
JSHRDB4919,5442-BHQNG,1,Q4,4,Churned,Yes,1,93,3430,Other,Don't know
BKLITZ4591,2169-RRLFW,1,Q4,4,Churned,Yes,1,88,5063,Competitor,Competitor had better devices
HPIJES2882,5872-OEQNH,1,Q4,3,Churned,Yes,1,68,4928,Competitor,Competitor offered more data
EOHELR1813,8873-GLDMH,1,Q4,3,Churned,Yes,1,96,4220,Price,Price too high
JVATJT9463,5696-JVVQY,1,Q4,3,Churned,Yes,1,47,5476,Dissatisfaction,Service dissatisfaction
XXAWBE1929,8946-BFWSG,1,Q4,4,Churned,Yes,1,59,6245,Competitor,Competitor had better devices
JIQDDH7757,0547-HURJB,1,Q4,2,Churned,Yes,1,90,4001,Attitude,Attitude of support person
WPBJSU8837,8845-LWKGE,1,Q4,4,Churned,Yes,1,80,2215,Competitor,Competitor offered more data
ZGVPDN4471,0691-NIKRI,1,Q4,4,Churned,Yes,1,51,3784,Competitor,Competitor made better offer
MSERLG6251,5022-JNQEQ,1,Q4,4,Churned,Yes,1,71,4843,Attitude,Attitude of support person
NUOXWI3484,3249-VHRIP,1,Q4,3,Churned,Yes,1,73,4507,Dissatisfaction,Limited range of services
TUHCLK6396,3736-BLEPA,1,Q4,4,Churned,Yes,1,61,2886,Price,Long distance charges
XHUIYC8817,4701-LKOZD,1,Q4,3,Churned,Yes,1,98,5150,Price,Extra data charges
KOEBYH5541,6603-QWSPR,1,Q4,3,Churned,Yes,1,44,4190,Other,Don't know
GYAOZO4288,9921-QFQUL,1,Q4,3,Churned,Yes,1,70,5110,Attitude,Attitude of support person
GNKXEI8878,1929-ZCBHE,1,Q4,2,Churned,Yes,1,49,5040,Attitude,Attitude of service provider
BSTORJ5111,4378-MYPGO,1,Q4,2,Churned,Yes,1,56,5795,Attitude,Attitude of support person
IAEYOR1154,4129-LYCOI,1,Q4,2,Churned,Yes,1,59,4741,Attitude,Attitude of support person
TEPJHA8534,7798-JVXYM,1,Q4,2,Churned,Yes,1,89,5351,Competitor,Competitor offered more data
OBROWV8982,8647-SDTWQ,1,Q4,4,Churned,Yes,1,85,4133,Competitor,Competitor had better devices
RFJXOJ6452,2696-ECXKC,1,Q4,3,Churned,Yes,1,75,6153,Attitude,Attitude of support person
SQPNEM7949,2081-KJSQF,1,Q4,4,Churned,Yes,1,41,4769,Attitude,Attitude of support person
TUOJWV1778,3323-CPBWR,1,Q4,3,Churned,Yes,1,42,3875,Competitor,Competitor made better offer
RFGMQD4865,3384-CTMSF,1,Q4,4,Churned,Yes,1,91,3142,Dissatisfaction,Service dissatisfaction
YGRGFE7662,0902-RFHOF,1,Q4,2,Churned,Yes,1,46,2907,Price,Price too high
WRUAWY6629,7718-RXDGG,1,Q4,3,Churned,Yes,1,67,3351,Dissatisfaction,Product dissatisfaction
WEFCXC5182,1025-FALIX,1,Q4,2,Churned,Yes,1,43,5379,Competitor,Competitor offered more data
PUASFM8889,3451-VAWLI,1,Q4,4,Joined,No,0,43,5636,,
AOFIIM2365,3407-QGWLG,1,Q4,4,Joined,No,0,70,2948,,
WUYCIO3578,2347-WKKAE,1,Q4,3,Joined,No,0,47,2662,,
GNGYQU9295,8735-DCXNF,1,Q4,3,Joined,No,0,26,3519,,
KXYYBL7682,3214-IYUUQ,1,Q4,3,Joined,No,0,48,4300,,
SMDAFJ6371,1936-UAFEH,1,Q4,4,Joined,No,0,36,5502,,
YTMSDF3684,3587-PMCOY,1,Q4,3,Joined,No,0,50,4614,,
NOYNQC3443,1027-LKKQQ,1,Q4,3,Joined,No,0,54,4480,,
YKGWXN1377,7148-XZPHA,1,Q4,4,Joined,No,0,32,4162,,
MEESTE7145,5309-TAIKL,1,Q4,4,Joined,No,0,46,4080,,
RHKTAH8874,6856-RAURS,1,Q4,4,Joined,No,0,62,2044,,
KBPCCJ8149,8778-LMWTJ,1,Q4,3,Joined,No,0,66,5770,,
YQQDLJ3363,9717-IOAAF,1,Q4,5,Joined,No,0,21,2682,,
JUAGGH5182,2845-KDHVX,1,Q4,5,Joined,No,0,31,5425,,
GXJZNU4547,0848-SOMKO,1,Q4,3,Joined,No,0,66,4483,,
SVAXNT8369,1535-VTJOQ,1,Q4,5,Joined,No,0,56,3904,,
OHBPOM6621,6368-TZZDT,1,Q4,4,Joined,No,0,31,5390,,
MVKADQ1847,0943-ZQPXH,1,Q4,5,Joined,No,0,78,5635,,
PSVRFK8684,1293-BSEUN,1,Q4,5,Joined,No,0,40,4528,,
YHFTYA9624,1302-TPUBN,1,Q4,3,Joined,No,0,23,5637,,
EBLAVQ2399,0927-CNGRH,1,Q4,4,Joined,No,0,21,5272,,
TIRDAH7229,8608-OZTLB,1,Q4,3,Joined,No,0,59,5975,,
NSZUCQ8436,2335-GSODA,1,Q4,4,Joined,No,0,24,2327,,
ZBBRTV2393,1952-DVVSW,1,Q4,5,Joined,No,0,77,3509,,
DDPUWZ5445,6656-GULJQ,1,Q4,3,Joined,No,0,28,5940,,
MVRVUO4515,9853-JFZDU,1,Q4,4,Joined,No,0,46,3102,,
UMCDGQ5735,3777-XROBG,1,Q4,4,Joined,No,0,78,4125,,
MPKIHZ1484,6994-FGRHH,1,Q4,4,Joined,No,0,50,4649,,
DFVDDZ1564,4000-VGMQP,1,Q4,5,Joined,No,0,60,2125,,
JQTMGG8244,3999-WRNGR,1,Q4,3,Joined,No,0,77,6307,,
AWPBQW2126,3466-RITXD,1,Q4,3,Joined,No,0,75,5461,,
FHMDXY7695,2680-XKKNJ,1,Q4,4,Joined,No,0,52,3325,,
XXRFAL9396,2101-RANCD,1,Q4,4,Joined,No,0,46,5832,,
OZZIOO1164,7921-BEPCI,1,Q4,3,Joined,No,0,59,4515,,
QKEKUK1912,8510-TMWYB,1,Q4,5,Joined,No,0,24,5898,,
VTXUAN6918,3258-ZKPAI,1,Q4,3,Joined,No,0,59,5227,,
VTCBRS8713,1428-IEDPR,1,Q4,4,Joined,No,0,33,5624,,
XNQWPB8781,4450-YOOHP,1,Q4,4,Joined,No,0,31,5433,,
VZLLWI6746,6728-CZFEI,1,Q4,4,Joined,No,0,25,5473,,
ZMMPHC2899,3653-NCRDJ,1,Q4,4,Joined,No,0,74,5594,,
ZYBWEC2786,6519-ZHPXP,1,Q4,4,Joined,No,0,33,4183,,
FSODXW3428,3472-QPRCH,1,Q4,5,Joined,No,0,53,3217,,
KXDXPI8894,8224-UAXBZ,1,Q4,3,Joined,No,0,41,5137,,
WCWXHY5595,9610-WCESF,1,Q4,4,Joined,No,0,62,6344,,
PLPNKI7983,2486-WYVVE,1,Q4,5,Joined,No,0,34,5238,,
PNAODN8811,1422-DGUBX,1,Q4,5,Joined,No,0,43,2735,,
SAHUBA3528,2999-AANRQ,1,Q4,4,Joined,No,0,56,5138,,
PMIRFN3215,8668-KNZTI,1,Q4,3,Joined,No,0,23,5957,,
WPRUKR1957,0480-KYJVA,1,Q4,4,Joined,No,0,26,5897,,
TKDAVX6153,9746-YKGXB,1,Q4,3,Joined,No,0,30,6340,,
FVYVJZ3721,3926-YZVVX,1,Q4,5,Joined,No,0,64,2157,,
CSGSAH9141,6000-UKLWI,1,Q4,3,Joined,No,0,47,4982,,
TIFTEJ8579,6332-FBZRI,1,Q4,3,Joined,No,0,40,5589,,
EWMBMY7281,2096-XOTMO,1,Q4,5,Joined,No,0,31,4146,,
RTJEOX8841,3266-FTKHB,1,Q4,3,Joined,No,0,60,2717,,
XOSRCX8164,8221-EQDGL,1,Q4,3,Joined,No,0,79,4355,,
EGTWRZ7696,2346-LOCWC,1,Q4,4,Joined,No,0,72,6186,,
VMJJCJ1424,0298-XACET,1,Q4,4,Joined,No,0,47,5396,,
CDDDOO4764,7560-QJAVJ,1,Q4,3,Joined,No,0,38,5474,,
RPUBKU9115,2995-YWTCD,1,Q4,3,Joined,No,0,79,5396,,
KSBHYQ9824,9137-UIYPG,1,Q4,3,Joined,No,0,80,5447,,
WYETQE6456,2809-ZMYOQ,1,Q4,5,Joined,No,0,72,4341,,
XAOAYY2849,5084-OOVCJ,1,Q4,4,Joined,No,0,57,5465,,
QDRHLN6674,0254-WWRKD,1,Q4,5,Joined,No,0,51,5122,,
IMEXOH9171,7727-SHVZV,1,Q4,4,Joined,No,0,54,4883,,
SVVSAW7975,5339-PXDVH,1,Q4,3,Joined,No,0,70,3559,,
TOGNAC7614,8782-NUUOL,1,Q4,3,Joined,No,0,43,4807,,
DBACBR9344,7601-WFVZV,1,Q4,4,Joined,No,0,79,3718,,
OGXJME5145,4609-KNNWG,1,Q4,5,Joined,No,0,49,4870,,
FAJLJV4999,9529-OFXHY,1,Q4,3,Joined,No,0,61,5415,,
QUZUQE6343,2669-QVCRG,1,Q4,4,Joined,No,0,62,2299,,
TZCADR9148,2478-EEWWM,1,Q4,4,Joined,No,0,28,5905,,
SYEFXO1948,9174-IHETN,1,Q4,3,Joined,No,0,50,5521,,
XOPHJU1956,2233-TXSIU,1,Q4,3,Joined,No,0,73,3522,,
YBPEZF8218,9644-UMGQA,1,Q4,3,Joined,No,0,43,4076,,
MFNVUX4126,0419-YAAPX,1,Q4,4,Joined,No,0,71,4696,,
QAEVXU6285,0872-CASZJ,1,Q4,3,Joined,No,0,29,4765,,
PVOFOI9781,8164-OCKUJ,1,Q4,5,Joined,No,0,55,6325,,
RCCBER1878,3094-JOJAI,1,Q4,5,Joined,No,0,49,2643,,
YWWJTY4227,9494-MRNYX,1,Q4,4,Joined,No,0,23,3399,,
LHVOLG8141,2599-CZABP,1,Q4,3,Joined,No,0,51,4612,,
EOXZKX7974,7945-PRBVF,1,Q4,3,Joined,No,0,71,3967,,
SWCSSU4274,4544-RXFMG,1,Q4,3,Joined,No,0,50,4184,,
SXSRSA7931,0859-YGKFW,1,Q4,5,Joined,No,0,63,4458,,
JLBZZB2149,1150-FTQGN,1,Q4,4,Joined,No,0,60,6399,,
MBOHWG7837,7196-LIWRH,1,Q4,5,Joined,No,0,61,5980,,
YEIAOV9369,5448-VWNAM,1,Q4,4,Joined,No,0,69,4198,,
WXDUXO6534,1177-XZBJL,1,Q4,3,Joined,No,0,45,5570,,
LWGWER9775,9330-VOFSZ,1,Q4,5,Joined,No,0,79,5942,,
FTJPNJ9174,0939-EREMR,1,Q4,5,Joined,No,0,40,4335,,
FWBZRI6987,9389-ACWBI,1,Q4,3,Joined,No,0,73,3850,,
VBIKFU6618,3644-QXEHN,1,Q4,3,Joined,No,0,35,5282,,
ARJSCD3243,2911-IJORQ,1,Q4,4,Joined,No,0,26,2546,,
USYVAU1877,5921-NGYRH,1,Q4,3,Joined,No,0,50,5018,,
MACCGW9882,5998-DZLYR,1,Q4,5,Joined,No,0,48,4676,,
IMZJKQ7925,3985-HOYPM,1,Q4,4,Joined,No,0,71,4602,,
RGZUEX8698,9548-LERKT,1,Q4,3,Joined,No,0,34,3455,,
PAZJJK1723,6576-FBXOJ,1,Q4,4,Joined,No,0,22,4590,,
VCLOWS3396,4310-KEDTB,1,Q4,3,Joined,No,0,27,3746,,
FJGCVY1673,4062-HBMOS,1,Q4,4,Joined,No,0,80,5432,,
MCRRAY7626,2676-ISHSF,1,Q4,5,Joined,No,0,46,5203,,
TIGXKH3145,9236-NDUCW,1,Q4,4,Joined,No,0,25,2991,,
JHHJWR1847,4753-PADAS,1,Q4,4,Joined,No,0,68,5027,,
XQYEPP3385,6103-QCKFX,1,Q4,3,Joined,No,0,28,3918,,
XRSXLG5598,7781-EWARA,1,Q4,3,Joined,No,0,56,4122,,
INQIIM6152,7018-FPXHH,1,Q4,3,Joined,No,0,72,4964,,
ULHTUH1694,0572-ZJKLT,1,Q4,3,Joined,No,0,58,4736,,
HWGWOR9757,5135-RDDQL,1,Q4,3,Joined,No,0,36,4847,,
AFZJQX6696,1353-LJWEM,1,Q4,3,Joined,No,0,58,2726,,
CPRJPU5331,1794-SWWKL,1,Q4,4,Joined,No,0,75,3974,,
RJQMDY5914,6166-YIPFO,1,Q4,3,Joined,No,0,36,6075,,
LKHJQR3962,9332-GYWLO,1,Q4,3,Joined,No,0,80,5729,,
HGEEIV2179,4184-VODJZ,1,Q4,4,Joined,No,0,47,4512,,
EFKMUA9336,1092-WPIVQ,1,Q4,4,Joined,No,0,55,3675,,
CVGBXH6452,7233-IOQNP,1,Q4,3,Joined,No,0,74,5409,,
XTWWFU6863,2834-JKOOW,1,Q4,3,Joined,No,0,51,3572,,
HKSKCL3576,2400-FEQME,1,Q4,5,Joined,No,0,25,5011,,
DPELTR3115,4957-SREEC,1,Q4,5,Joined,No,0,69,5748,,
AKMPWH4414,4923-ADWXJ,1,Q4,5,Joined,No,0,66,3962,,
QYCWWH3265,3439-GVUSX,1,Q4,3,Joined,No,0,80,4570,,
CYJNMA4181,5949-HGVJL,1,Q4,5,Joined,No,0,46,2753,,
AOPZZU1544,5203-XEHAX,1,Q4,3,Joined,No,0,48,3445,,
AXGCPU7757,1635-HDGFT,1,Q4,4,Joined,No,0,69,4855,,
NGJVYU8312,8050-XGRVL,1,Q4,4,Joined,No,0,71,5010,,
TCFQHB2684,9828-QHFBK,1,Q4,3,Joined,No,0,35,5796,,
APHHNH4873,5012-YSPJJ,1,Q4,3,Joined,No,0,41,3615,,
BUZSUH2391,6728-VOIFY,1,Q4,3,Joined,No,0,80,5016,,
MAHLCK2152,4891-NLUBA,1,Q4,3,Joined,No,0,20,5063,,
NNJQON9294,8969-PRHFK,1,Q4,3,Joined,No,0,32,4695,,
XSBLRZ4871,0661-KQHNK,1,Q4,5,Joined,No,0,46,5518,,
GKICPT6198,8709-KRDVL,1,Q4,5,Joined,No,0,76,4643,,
NLZTBE2295,1427-VERSM,1,Q4,4,Joined,No,0,44,5141,,
BIZGBX5176,9801-NOSHQ,1,Q4,3,Joined,No,0,49,3058,,
ESCNXS7797,6339-YPSAH,1,Q4,3,Joined,No,0,52,4895,,
JHENAT8128,2159-TURXX,1,Q4,4,Joined,No,0,51,2483,,
RYURLU5831,1548-FEHVL,1,Q4,4,Joined,No,0,74,6298,,
ACVULV7795,3795-CAWEX,1,Q4,3,Joined,No,0,40,6116,,
RSOWGS4725,6215-NQCPY,1,Q4,3,Joined,No,0,60,4157,,
TOMYVJ5697,5647-URDKA,1,Q4,4,Joined,No,0,29,5962,,
FBWUYO9756,2229-DPMBI,1,Q4,5,Joined,No,0,58,3598,,
UZBUEV9417,9626-WEQRM,1,Q4,4,Joined,No,0,78,2657,,
RZWFMQ2867,2188-SXWVT,1,Q4,4,Joined,No,0,46,4027,,
FTYQPC1923,6258-PVZWJ,1,Q4,4,Joined,No,0,69,4265,,
CYXKBN9884,1094-BKOSX,1,Q4,4,Joined,No,0,22,4534,,
DVBFET4293,2978-XXSOG,1,Q4,4,Joined,No,0,47,3995,,
DAJMGH2666,2342-CKIAO,1,Q4,5,Joined,No,0,24,5074,,
MSPCQD6656,6953-PBDIN,1,Q4,4,Joined,No,0,70,6466,,
NICFZQ4427,3898-BSJYF,1,Q4,3,Joined,No,0,29,4434,,
DCJTSC1325,3938-YFPXD,1,Q4,4,Joined,No,0,35,6012,,
SZEELH4959,7696-AMHOD,1,Q4,5,Joined,No,0,69,4200,,
ZRZICI6444,9558-IHEZX,1,Q4,3,Joined,No,0,32,5610,,
XSBIOO2241,9617-UDPEU,1,Q4,3,Joined,No,0,52,2691,,
AHPHHL9369,6340-DACFT,1,Q4,4,Joined,No,0,34,4878,,
XICDVK2861,4955-VCWBI,1,Q4,5,Joined,No,0,76,4882,,
MTMDFC8446,6813-GZQCG,1,Q4,3,Joined,No,0,63,2194,,
VYERVU5647,3389-KTRXV,1,Q4,5,Joined,No,0,78,5945,,
TKTUEK6144,3118-UHVVQ,1,Q4,4,Joined,No,0,21,4747,,
CLNHIO9143,3205-MXZRA,1,Q4,4,Joined,No,0,41,2074,,
VHEEJB5742,8317-BVKSO,1,Q4,5,Joined,No,0,32,5728,,
NCZTFS2798,5702-KVQRD,1,Q4,3,Joined,No,0,68,4668,,
PVHMXM7392,0083-PIVIK,1,Q4,3,Joined,No,0,67,4761,,
HQKLWK7327,6169-PGNCD,1,Q4,4,Joined,No,0,54,5741,,
ZOZPWQ5586,4657-FWVFY,1,Q4,5,Joined,No,0,52,2004,,
ILZAVR2258,2257-BOVXD,1,Q4,3,Joined,No,0,36,3516,,
BZJHAQ1324,7729-JTEEC,1,Q4,5,Joined,No,0,49,5456,,
KIXZQP8877,9696-RMYBA,1,Q4,3,Joined,No,0,22,5225,,
NYYGMV1154,8690-UPCZI,1,Q4,4,Joined,No,0,33,4459,,
MOIFKM9152,9770-LXDBK,1,Q4,4,Joined,No,0,21,5695,,
QNJUGS8336,4086-WITJG,1,Q4,5,Joined,No,0,30,4808,,
UXLIZR3862,8344-WFMFH,1,Q4,4,Joined,No,0,56,4738,,
GNXZAF5138,8822-KNBHV,1,Q4,4,Joined,No,0,58,4250,,
LIBETV2943,8404-FYDIB,1,Q4,3,Joined,No,0,54,4469,,
MIDUDM9154,2791-SFVEW,1,Q4,4,Joined,No,0,27,3772,,
FTDRBW8986,6762-NSODU,1,Q4,4,Joined,No,0,77,4630,,
BQUGDY9385,9888-ZCUMM,1,Q4,4,Joined,No,0,77,4120,,
QENQXN9417,1074-WVEVG,1,Q4,5,Joined,No,0,57,5757,,
CKVIIN3951,9979-RGMZT,1,Q4,3,Joined,No,0,38,5545,,
SISYUO7773,2108-GLPQB,1,Q4,5,Joined,No,0,49,2950,,
UXMCOH8364,5474-LAMUQ,1,Q4,3,Joined,No,0,69,5689,,
PLOFES8929,3468-DRVQJ,1,Q4,4,Joined,No,0,36,5496,,
KFKHMQ3817,1122-YJBCS,1,Q4,3,Joined,No,0,55,6092,,
FVELSH1518,4990-ALDGW,1,Q4,3,Joined,No,0,60,6271,,
LTOZUN9456,4816-OKWNX,1,Q4,5,Joined,No,0,68,5437,,
NBTTCX6642,3315-IKYZQ,1,Q4,4,Joined,No,0,45,3240,,
MCFJOH1982,4747-LCAQL,1,Q4,4,Joined,No,0,52,5263,,
QDWPUM1176,0898-XCGTF,1,Q4,5,Joined,No,0,49,5926,,
CQEPTT4181,8006-PYCSW,1,Q4,5,Joined,No,0,65,2051,,
FGPWWI5294,8249-THVEC,1,Q4,4,Joined,No,0,73,4025,,
OOECHU2138,8722-PRFDV,1,Q4,3,Joined,No,0,27,5097,,
AMXGBP5157,2164-SOQXL,1,Q4,3,Joined,No,0,43,2698,,
ETASGB2884,4020-KIUDI,1,Q4,5,Joined,No,0,42,2186,,
XTDNFQ2336,5850-BDWCY,1,Q4,5,Joined,No,0,26,5029,,
ILAWUU2951,2038-YSEZE,1,Q4,3,Joined,No,0,65,3152,,
INQSUA4188,0827-ITJPH,1,Q4,3,Joined,No,0,28,5703,,
RRFCUW6449,8799-OXZMD,1,Q4,5,Joined,No,0,67,5463,,
TKNXGF1339,1705-GUHPV,1,Q4,3,Joined,No,0,64,4948,,
MDZVVC5588,4779-ZGICK,1,Q4,3,Joined,No,0,66,5019,,
TRTMLW9965,0048-PIHNL,1,Q4,3,Joined,No,0,20,6061,,
BXCHEJ7665,3967-KXAPS,1,Q4,4,Joined,No,0,56,5136,,
RRGMLX2587,3704-IEAXF,1,Q4,3,Joined,No,0,47,5498,,
JLLZTQ3798,6810-VCAEX,1,Q4,4,Joined,No,0,26,4670,,
QGIBAU7221,0674-EYYZV,1,Q4,3,Joined,No,0,74,5882,,
ZRUKQT7532,4480-MBMLB,1,Q4,3,Joined,No,0,68,5319,,
PDEEOM6279,1395-OFUWC,1,Q4,3,Joined,No,0,70,4741,,
KHXKJC8971,2832-KJCRD,1,Q4,5,Joined,No,0,47,2511,,
YXRBZH4969,4075-WKNIU,1,Q4,4,Joined,No,0,44,2342,,
OLEAVT2998,5090-EMGTC,1,Q4,3,Joined,No,0,70,4521,,
HIEESV8483,2346-CZYIL,1,Q4,3,Joined,No,0,52,4962,,
CWWPSS7693,6258-NGCNG,1,Q4,4,Joined,No,0,33,5508,,
EHBMWD9943,4186-ZBUEW,1,Q4,3,Joined,No,0,71,3566,,
WEPVLF3976,5274-XHAKY,1,Q4,4,Joined,No,0,43,2196,,
HBXPSX8735,1442-BQPVU,1,Q4,4,Joined,No,0,71,2876,,
PSENKC2948,3978-YNKDD,1,Q4,4,Joined,No,0,43,2654,,
IORPIA4896,4940-KHCWD,1,Q4,4,Joined,No,0,54,5148,,
RMXTAX1697,9589-ABEPT,1,Q4,3,Joined,No,0,56,4452,,
LIUONA9158,9388-ZEYVT,1,Q4,4,Joined,No,0,42,2522,,
GYYMQO2724,0305-SQECB,1,Q4,4,Joined,No,0,67,4265,,
HFRVLJ7185,7605-SNLQG,1,Q4,4,Joined,No,0,44,2036,,
BTECNN5566,4670-TABXH,1,Q4,3,Joined,No,0,71,5791,,
VSFPIF7436,0064-SUDOG,1,Q4,5,Joined,No,0,57,5190,,
LNMZOP5847,8561-NMTBD,1,Q4,4,Joined,No,0,46,5427,,
EUUZXY9114,5161-XEUVX,1,Q4,3,Joined,No,0,49,2615,,
SATTQL1146,8292-FRFZQ,1,Q4,4,Joined,No,0,67,3445,,
AHRYRC1535,8591-NXRCV,1,Q4,4,Joined,No,0,77,3859,,
NISHCD3458,7895-VONWT,1,Q4,5,Joined,No,0,46,4284,,
BUOPFQ8575,4526-RMTLL,1,Q4,4,Joined,No,0,64,4457,,
JWHULU8627,6253-GNHWH,1,Q4,4,Joined,No,0,57,6090,,
NNUYGH4917,4566-NECEV,1,Q4,3,Joined,No,0,56,3787,,
FMMDUI2827,8080-POTJR,1,Q4,3,Joined,No,0,78,2655,,
AJJBXQ7749,6906-MPARY,1,Q4,4,Joined,No,0,22,2524,,
EPTAXX9245,3662-FXJFO,1,Q4,5,Joined,No,0,30,5946,,
SUWULL3278,8107-RZLNV,1,Q4,5,Joined,No,0,62,4634,,
ZUXOIA1644,0516-OOHAR,1,Q4,3,Joined,No,0,50,3411,,
HTBWKI7874,2027-CWDNU,1,Q4,4,Joined,No,0,63,5968,,
QWEUHI2679,9912-OMZDS,1,Q4,5,Joined,No,0,51,5096,,
CISMPA8561,3733-ZEECP,1,Q4,5,Joined,No,0,34,5329,,
NQLLBO6263,7878-RTCZG,1,Q4,4,Joined,No,0,80,4050,,
TJOPZP5573,7103-IPXPJ,1,Q4,4,Joined,No,0,75,6479,,
YTCEIP3339,4342-HFXWS,1,Q4,3,Joined,No,0,50,3442,,
VKIGHA5427,3545-CNWRG,1,Q4,5,Joined,No,0,39,4325,,
ISOUAL2882,1785-BPHTP,1,Q4,3,Joined,No,0,26,4022,,
TVMIZP7851,7315-WYOAW,1,Q4,3,Joined,No,0,80,5985,,
MRHXZO4674,1173-XZPYF,1,Q4,4,Joined,No,0,32,3734,,
CFFXMV9169,2509-TFPJU,1,Q4,5,Joined,No,0,24,4413,,
MXTANQ8369,9530-GRMJG,1,Q4,4,Joined,No,0,48,5568,,
UWYQBP7391,6898-RBTLU,1,Q4,5,Joined,No,0,59,6366,,
ZGYBEX8346,2068-WWXQZ,1,Q4,5,Joined,No,0,38,2942,,
ERPJDC3163,2061-VVFST,1,Q4,4,Joined,No,0,72,3924,,
LJDVRL9246,2380-DAMQP,1,Q4,4,Joined,No,0,67,4761,,
ZYMQSM2267,2256-YLYLP,1,Q4,4,Joined,No,0,27,4499,,
UNPDZS5726,1272-ILHFG,1,Q4,5,Joined,No,0,71,5928,,
KLZCOK8869,0164-XAIRP,1,Q4,5,Joined,No,0,34,2511,,
CEVBZO5749,5666-CYCYZ,1,Q4,4,Joined,No,0,76,5352,,
EQLYWJ4394,4011-ARPHK,1,Q4,3,Joined,No,0,77,5578,,
WHNAEB9632,6365-HITVU,1,Q4,4,Joined,No,0,38,4135,,
CAWJYH3197,7558-IMLMT,1,Q4,4,Joined,No,0,77,5626,,
PRFYUX9787,9488-FYQAU,1,Q4,4,Joined,No,0,78,5700,,
OCGEXC3168,3590-TCXTB,1,Q4,5,Joined,No,0,56,2648,,
HGVOGI6327,6994-KERXL,1,Q4,3,Joined,No,0,25,3545,,
WUMSMX1679,1960-UOTYM,1,Q4,4,Joined,No,0,22,4509,,
HVENGB3262,2740-JFBOK,1,Q4,5,Joined,No,0,71,5299,,
TFKBUK8895,6500-JVEGC,1,Q4,4,Joined,No,0,60,4941,,
SUUMMQ7268,5245-VDBUR,1,Q4,4,Joined,No,0,47,5509,,
TDPGKY7326,8469-SNFFH,1,Q4,4,Joined,No,0,38,5991,,
ANNJXM6155,2144-ESWKO,1,Q4,3,Joined,No,0,70,5268,,
HPEWEZ7765,1241-FPMOF,1,Q4,4,Joined,No,0,24,5157,,
SLJBPK3863,9928-BZVLZ,1,Q4,3,Joined,No,0,20,3100,,
AYHJSK8739,4114-QMKVN,1,Q4,3,Joined,No,0,53,6494,,
YHWMZS3317,2775-SEFEE,1,Q4,4,Joined,No,0,65,5188,,
PLHGVQ8435,9003-CPATH,1,Q4,4,Joined,No,0,70,2583,,
UFZBSE8423,7956-XQWGU,1,Q4,4,Joined,No,0,25,5975,,
UDPWUQ4811,2369-FEVNO,1,Q4,3,Joined,No,0,52,4590,,
NYTLIJ7218,5115-SQAAU,1,Q4,4,Joined,No,0,60,6053,,
XCIRMT3426,9845-QOMAD,1,Q4,3,Joined,No,0,58,3958,,
UETDPG5859,7672-VFMXZ,1,Q4,3,Joined,No,0,22,4607,,
FVFWWG8795,9739-JLPQJ,1,Q4,4,Joined,No,0,47,6009,,
CERUSA8957,9916-AYHTC,1,Q4,5,Joined,No,0,38,3779,,
LGRFDO6648,3855-ONCAR,1,Q4,4,Joined,No,0,50,5775,,
GTRRLB6376,1488-SYSFC,1,Q4,4,Joined,No,0,79,2990,,
SRTZGZ2978,0970-QXPXW,1,Q4,3,Joined,No,0,25,5454,,
AAYYLC8612,9572-WUKSB,1,Q4,3,Joined,No,0,23,4416,,
VOAJKX7852,5893-KCLGT,1,Q4,4,Joined,No,0,78,5478,,
JCDZOG5671,0076-LVEPS,1,Q4,4,Joined,No,0,73,3290,,
ZUEKVZ5837,3640-JQGJG,1,Q4,3,Joined,No,0,44,4680,,
JHMMIP1131,1596-OQSPS,1,Q4,4,Joined,No,0,60,4467,,
ZDEMAM5969,9867-XOBQA,1,Q4,4,Joined,No,0,29,3461,,
ZXLVRT6291,9546-KDTRB,1,Q4,5,Joined,No,0,46,3612,,
RDDEPG9116,3174-RKMOW,1,Q4,3,Joined,No,0,71,5721,,
AZLTBQ7677,1760-CAZHT,1,Q4,5,Joined,No,0,60,3274,,
VAWUBY6988,8441-SHIPE,1,Q4,3,Joined,No,0,34,5183,,
UHWOQA2824,1320-GVNHT,1,Q4,4,Joined,No,0,20,4419,,
JGTGLW3186,1047-RNXZV,1,Q4,5,Joined,No,0,67,4871,,
JFKCOD6438,3541-ZNUHK,1,Q4,3,Joined,No,0,76,4026,,
RVGLVK4183,8725-JEDFD,1,Q4,5,Joined,No,0,27,3241,,
MBJZIU2718,7562-UXTPG,1,Q4,4,Joined,No,0,56,2992,,
OREBWC5214,8071-SBTRN,1,Q4,4,Joined,No,0,62,4240,,
OLVEFI2891,6668-CNMFP,1,Q4,4,Joined,No,0,57,4473,,
EVXRET2321,5626-MGTUK,1,Q4,3,Joined,No,0,70,3027,,
JOTQGV2739,5681-LLOEI,1,Q4,3,Joined,No,0,30,5884,,
GZSYVM3787,8212-DJRCH,1,Q4,4,Joined,No,0,66,4014,,
FQUGOB2854,4933-BSAIP,1,Q4,3,Joined,No,0,59,2056,,
WMBYBO4346,2030-BTZRO,1,Q4,5,Joined,No,0,57,4628,,
VIRJXM9656,1116-DXXDF,1,Q4,4,Joined,No,0,45,2698,,
SFENEH7742,0270-THENM,1,Q4,3,Joined,No,0,77,6233,,
ILIVVD5518,4707-MAXGU,1,Q4,5,Joined,No,0,45,5514,,
ZRVIIB5313,2710-WYVXG,1,Q4,4,Joined,No,0,41,3501,,
WKEOBV6318,6300-BWMJX,1,Q4,3,Joined,No,0,44,4814,,
ZDTCOG5916,7009-LGECI,1,Q4,4,Joined,No,0,78,4164,,
QDQUOB8659,5022-KVDQT,1,Q4,5,Joined,No,0,72,5158,,
IYCOYC4591,7976-CICYS,1,Q4,4,Joined,No,0,76,3027,,
TYTALU7695,1036-GUDCL,1,Q4,4,Joined,No,0,60,5275,,
UUGARX2586,2005-DWQZJ,1,Q4,3,Joined,No,0,47,3153,,
NWMKBN7882,8148-WOCMK,1,Q4,5,Joined,No,0,67,3214,,
PNMDFK4594,7815-PDTHL,1,Q4,3,Joined,No,0,45,3481,,
WNUSEC8723,9173-IVZVP,1,Q4,5,Joined,No,0,64,4254,,
XMOYDR2696,3635-JBPSG,1,Q4,4,Joined,No,0,55,2118,,
OBORDW4489,7964-ZRKKG,1,Q4,5,Joined,No,0,49,6251,,
DPKGPM7123,1724-IQWNM,1,Q4,3,Joined,No,0,46,4136,,
OTTCOO4453,8217-QYOHV,1,Q4,4,Joined,No,0,22,4545,,
WVLKRT1746,5546-QUERU,1,Q4,3,Joined,No,0,70,5221,,
DBVCGX6138,6897-UUBNU,1,Q4,4,Joined,No,0,51,2681,,
AFDOQI3675,8930-XOTDP,1,Q4,4,Joined,No,0,76,2035,,
RJPNQH5657,5916-QEWPT,1,Q4,4,Joined,No,0,29,2798,,
DGRGGE7226,5060-TQUQN,1,Q4,3,Joined,No,0,31,3558,,
KFPHSM6676,0531-XBKMM,1,Q4,3,Joined,No,0,57,5058,,
KMODEI9783,8465-SBRXP,1,Q4,3,Joined,No,0,33,2436,,
USJDEM8848,2408-PSJVE,1,Q4,4,Joined,No,0,63,4388,,
BNENJK5514,9700-ZCLOT,1,Q4,5,Joined,No,0,77,3922,,
VOFJTY9578,8738-JOKAR,1,Q4,4,Joined,No,0,36,5034,,
HTUVIC6872,4534-WGCIR,1,Q4,4,Joined,No,0,71,6444,,
SXJOCG7929,1930-WNXSB,1,Q4,5,Joined,No,0,36,4879,,
LYUBAV5613,3508-CFVZL,1,Q4,3,Joined,No,0,46,5957,,
AXGJEE8377,0657-DOGUM,1,Q4,4,Joined,No,0,76,4077,,
TQTWHR2918,8792-AOROI,1,Q4,3,Joined,No,0,72,2985,,
KGNAPW9258,5146-YYFRZ,1,Q4,5,Joined,No,0,80,6212,,
UAPPJR6537,3452-SRFEG,1,Q4,5,Joined,No,0,79,4516,,
AGAOJN4114,4070-OKWVH,1,Q4,3,Joined,No,0,57,6212,,
MIKLGN6231,5297-MDOIR,1,Q4,4,Joined,No,0,60,5294,,
PJJCRY7197,6369-MCAKO,1,Q4,3,Joined,No,0,49,5001,,
GSRQKX5822,4926-UMJZD,1,Q4,5,Joined,No,0,52,2157,,
PFOVUE4398,6848-HJTXY,1,Q4,3,Joined,No,0,28,5628,,
YPJLUX1919,6341-AEVKX,1,Q4,4,Joined,No,0,23,5905,,
APRGII2912,0682-USIXD,1,Q4,3,Joined,No,0,23,2937,,
FQPTXY6781,6976-BWGLQ,1,Q4,3,Joined,No,0,31,4382,,
NKKVLW1244,7078-NVFAM,1,Q4,4,Joined,No,0,77,3163,,
QDQCEU7244,2133-TSRRM,1,Q4,4,Joined,No,0,39,5432,,
DHGQJN6335,2511-ALLCS,1,Q4,4,Joined,No,0,32,5998,,
IMMERH2647,3191-CSNMG,1,Q4,4,Joined,No,0,46,2081,,
OHKJEG7251,7952-OBOYL,1,Q4,5,Joined,No,0,53,4096,,
HCESFD7394,7470-DYNOE,1,Q4,5,Joined,No,0,35,5940,,
XQWFQI3864,7853-OETYL,1,Q4,3,Joined,No,0,35,3306,,
RQOANN7532,1545-ACTAS,1,Q4,3,Joined,No,0,29,5921,,
UJEKZC5228,5126-RCXYW,1,Q4,4,Joined,No,0,71,4451,,
DDMGQS4484,2363-BJLSL,1,Q4,5,Joined,No,0,79,5157,,
DTZCHL3839,1956-YIFGE,1,Q4,4,Joined,No,0,64,3274,,
DDORPH5941,2925-MXLSX,1,Q4,5,Joined,No,0,30,4403,,
CUMDJD4263,9609-BENEA,1,Q4,3,Joined,No,0,59,5283,,
ZRCMRA7846,4459-BBGHE,1,Q4,4,Joined,No,0,58,5833,,
SPTUHQ8852,9945-PSVIP,1,Q4,4,Joined,No,0,42,2289,,
BABZIZ1275,9108-EJFJP,1,Q4,4,Joined,No,0,62,4504,,
YYJFHH3115,0530-IJVDB,1,Q4,4,Joined,No,0,65,5414,,
EOWFJJ8249,0508-SQWPL,1,Q4,5,Joined,No,0,23,5506,,
JLRWXL6173,2215-ZAFGX,1,Q4,5,Joined,No,0,69,4867,,
QVICIW8481,8213-TAZPM,1,Q4,4,Joined,No,0,46,5874,,
BEUAEQ6881,1304-SEGFY,1,Q4,4,Joined,No,0,22,4508,,
CBCOIK2635,7242-EDTYC,1,Q4,3,Joined,No,0,40,5860,,
GXBTNC8992,2904-GGUAZ,1,Q4,4,Joined,No,0,47,5515,,
GTVXVD6481,5136-GFPMB,1,Q4,5,Joined,No,0,56,5871,,
AJABRP4544,2595-KIWPV,1,Q4,3,Joined,No,0,79,4052,,
CSKWVH6958,5243-SAOTC,1,Q4,4,Joined,No,0,46,5166,,
VIUUYA7724,9398-MMQTO,1,Q4,5,Joined,No,0,61,3956,,
UBDNLY7587,7619-PLRLP,1,Q4,4,Joined,No,0,37,5136,,
OAYKCO3863,6508-NJYRO,1,Q4,4,Joined,No,0,31,3977,,
OCLLPD3829,4710-NKCAW,1,Q4,3,Joined,No,0,31,3260,,
BXXBSM2675,5306-BVTKJ,1,Q4,4,Joined,No,0,27,3446,,
FPQJYE3582,0357-NVCRI,1,Q4,5,Joined,No,0,24,2192,,
OGPBIM5452,2371-KFUOG,1,Q4,3,Joined,No,0,26,6409,,
AEGWDA9544,0463-ZSDNT,1,Q4,5,Joined,No,0,70,2037,,
KBPZWW5273,6257-DTAYD,1,Q4,4,Joined,No,0,65,5973,,
OWOGDW4312,4616-ULAOA,1,Q4,3,Joined,No,0,23,6332,,
ZDAVFK8679,7746-AWNQW,1,Q4,4,Joined,No,0,69,2431,,
HPQEDR1951,5996-EBTKM,1,Q4,3,Joined,No,0,21,6079,,
DSHURI9479,2758-RNWXS,1,Q4,4,Joined,No,0,39,4446,,
VOTUOX6328,2314-TNDJQ,1,Q4,4,Joined,No,0,35,5192,,
DCXUQC4213,2405-LBMUW,1,Q4,4,Joined,No,0,22,5024,,
MUZWAY7848,9039-ZVJDC,1,Q4,3,Joined,No,0,68,4905,,
GCPLKS6627,9013-AQORL,1,Q4,3,Joined,No,0,52,4106,,
HAKKRH9665,2898-MRKPI,1,Q4,4,Joined,No,0,32,5570,,
DDNXTP7524,2750-BJLSB,1,Q4,4,Joined,No,0,20,4543,,
DBMHCF3592,3648-GZPHF,1,Q4,5,Joined,No,0,45,2609,,
FLXTZA5278,2075-RMJIK,1,Q4,4,Joined,No,0,44,5756,,
OKIJTP4236,9588-YRFHY,1,Q4,3,Joined,No,0,71,5240,,
QJTPOZ2474,9364-YKUVW,1,Q4,5,Joined,No,0,73,2681,,
IYSQFG2793,5392-AKEMH,1,Q4,4,Joined,No,0,37,5624,,
XJQAGZ5667,3914-FDRHP,1,Q4,5,Joined,No,0,42,4754,,
IHSTDF1319,3078-ZKNTS,1,Q4,3,Joined,No,0,22,4314,,
SIQREY5545,1024-KPRBB,1,Q4,4,Joined,No,0,56,2675,,
OUDVAY1482,9547-ITEFG,1,Q4,5,Joined,No,0,32,4062,,
QRNPIT4281,1264-FUHCX,1,Q4,5,Joined,No,0,20,5913,,
HXUAKJ3893,6598-KELSS,1,Q4,3,Joined,No,0,41,5409,,
QWHVHN2571,0422-UXFAP,1,Q4,5,Joined,No,0,43,6034,,
PGQKTI9736,1904-WAJAA,1,Q4,4,Joined,No,0,60,5461,,
BJXFHY9459,5130-YPIRV,1,Q4,4,Joined,No,0,48,6489,,
RKXXDC7563,2843-CQMEG,1,Q4,3,Joined,No,0,38,2911,,
MJQOWZ8325,6439-PKTRR,1,Q4,4,Joined,No,0,49,4412,,
TMOERI2515,5351-QESIO,1,Q4,5,Joined,No,0,80,4276,,
SXPFOF9674,5568-DMXZS,1,Q4,5,Joined,No,0,80,5227,,
RQJYTY4528,8468-FZTOE,1,Q4,4,Joined,No,0,78,4874,,
VJLAIW2252,6633-SYEUS,1,Q4,3,Joined,No,0,28,2061,,
FAEJCP1791,6447-GORXK,1,Q4,4,Joined,No,0,65,4242,,
BSTFNI1477,6967-PEJLL,1,Q4,4,Joined,No,0,48,2308,,
EZZWZA4278,1684-FLBGS,1,Q4,4,Joined,No,0,66,2159,,
XWZAJL6541,1389-WNUIB,1,Q4,4,Joined,No,0,69,4085,,
VSQHDJ7586,0376-OIWME,1,Q4,4,Joined,No,0,53,2701,,
SJAIQQ6185,0218-QNVAS,1,Q4,5,Joined,No,0,37,5876,,
ASANHX1826,0804-YGEQV,1,Q4,4,Joined,No,0,77,5119,,
QGVJMK4243,7164-BPTUT,1,Q4,4,Joined,No,0,22,4260,,
WIRENV9169,2523-EWWZL,1,Q4,3,Joined,No,0,43,3291,,
OGSXFQ5499,0928-XUTSN,1,Q4,4,Joined,No,0,37,3895,,
JEUUQO4866,0052-YNYOT,1,Q4,5,Joined,No,0,72,5462,,
SGWBKU3976,9586-JGQKH,1,Q4,3,Joined,No,0,24,4512,,
IYTSAU8127,4501-VCPFK,1,Q4,5,Joined,No,0,65,2734,,
YFUBSC4422,6075-SLNIL,1,Q4,3,Joined,No,0,62,5393,,
YPBAWY4324,9347-AERRL,1,Q4,5,Joined,No,0,68,2111,,
SZNVNH2371,6691-CCIHA,1,Q4,4,Joined,No,0,39,6307,,
HYNMRO8152,1685-BQULA,1,Q4,3,Joined,No,0,53,3819,,
OJKVJS2985,9053-EJUNL,1,Q4,5,Joined,No,0,77,3259,,
LBLSTC1774,1471-GIQKQ,1,Q4,3,Joined,No,0,32,5230,,
WKYHMC5299,4807-IZYOZ,1,Q4,3,Joined,No,0,70,4725,,
ZWNRQW9758,9710-NJERN,1,Q4,3,Joined,No,0,44,2007,,
ZWXKLE3712,9837-FWLCH,1,Q4,3,Joined,No,0,73,3101,,
XXEUEE8475,7203-OYKCT,1,Q4,5,Joined,No,0,20,5760,,
CLZGCF7571,7398-LXGYX,1,Q4,4,Joined,No,0,44,2770,,
PIYAHC2734,2823-LKABH,1,Q4,4,Joined,No,0,60,4524,,
QKVTLO9744,0550-DCXLH,1,Q4,4,Joined,No,0,65,4645,,
MYEIIE6588,9281-CEDRU,1,Q4,5,Joined,No,0,48,5553,,
TUOLWO8524,0871-OPBXW,1,Q4,3,Joined,No,0,80,5191,,
FOSNUU8552,9767-FFLEM,1,Q4,3,Joined,No,0,35,4591,,
ZIMICG4393,8456-QDAVC,1,Q4,3,Joined,No,0,20,2464,,
FBMJVW2539,7750-EYXWZ,1,Q4,3,Joined,No,0,24,3740,,
HNJTLH8249,2569-WGERO,1,Q4,5,Joined,No,0,45,5306,,
SJJDWW6147,6840-RESVB,1,Q4,3,Joined,No,0,59,2140,,
AODCBE7865,2234-XADUH,1,Q4,4,Joined,No,0,71,5560,,
GLQPEW3973,4801-JZAZL,1,Q4,4,Joined,No,0,59,2793,,
KCNRPQ8327,3186-AJIEK,1,Q4,4,Joined,No,0,38,5097,,
