Service ID,Customer ID,Count,Quarter,Referred a Friend,Number of Referrals,Tenure in Months,Offer,Phone Service,Avg Monthly Long Distance Charges,Multiple Lines,Internet Service,Internet Type,Avg Monthly GB Download,Online Security,Online Backup,Device Protection Plan,Premium Tech Support,Streaming TV,Streaming Movies,Streaming Music,Unlimited Data,Contract,Paperless Billing,Payment Method,Monthly Charge,Total Charges,Total Refunds,Total Extra Data Charges,Total Long Distance Charges,Total Revenue
OOKVAKFQE4521,7328-ZJAJO,1,Q4,Yes,1,62,None,Yes,2.51,No,No,None,0,No,No,No,No,No,No,No,No,Two Year,No,Credit Card,12.8 ,506.28,0,0,12.19,518.47
EMKRIWBVO7152,1090-PYKCI,1,Q4,Yes,1,72,Offer A,Yes,12.02,Yes,Yes,Fiber Optic,21,Yes,Yes,Yes,Yes,Yes,No,No,No,One Year,Yes,Credit Card,75.49,5003.28,0,46.65,1448.97,6498.89
FPVNXAPMP9565,3058-WQDRE,1,Q4,No,0,14,Offer D,No,0,No,Yes,Cable,9,No,No,No,No,No,No,No,Yes,Month-to-Month,Yes,Bank Withdrawal,1.66,65.42,46.55,0,0,65.42
YIJZDZIZO5271,2279-AXJJK,1,Q4,Yes,1,54,None,Yes,1.94,Yes,Yes,Fiber Optic,72,No,Yes,No,Yes,No,Yes,Yes,Yes,Month-to-Month,Yes,Credit Card,84.82,4874.95,4.01,0,356.44,5231.39
XEIWKLJMK5167,0909-SELIE,1,Q4,Yes,1,64,None,Yes,31.48,Yes,Yes,DSL,5,Yes,Yes,Yes,Yes,No,Yes,Yes,Yes,Two Year,Yes,Bank Withdrawal,23.34,4845.18,4.39,0,728.76,5573.93
CRHXMZPGD1575,3417-TSCIC,1,Q4,No,0,31,None,No,0,No,Yes,DSL,12,No,No,No,No,No,No,No,Yes,One Year,Yes,Credit Card,5.17,145.29,0,0,0,145.29
KEDVEOKOW5429,1042-HFUCW,1,Q4,No,0,27,Offer C,Yes,12.9,No,Yes,DSL,3,No,Yes,No,Yes,No,No,No,Yes,One Year,Yes,Credit Card,36.93,484.3,8,0,330.1,814.4
MQNAOISNX6636,6537-OTKMY,1,Q4,No,0,18,Offer D,No,0,No,Yes,DSL,2,No,No,Yes,No,Yes,Yes,Yes,Yes,One Year,No,Bank Withdrawal,32.38,511.16,2.29,0,0,511.16
PVZTZYJJB4543,8999-EXMNO,1,Q4,Yes,1,21,Offer D,Yes,28.85,No,No,None,0,No,No,No,No,No,No,No,No,Two Year,No,Credit Card,10.73,353.33,2.95,0,171.23,524.56
PRFVCJHTT4895,6725-TPKJO,1,Q4,No,0,45,None,Yes,18.53,No,No,None,0,No,No,No,No,No,No,No,No,Two Year,No,Credit Card,1.17,251.65,2.98,0,1270.18,1521.84
REWRCDROG7346,7162-WPHPM,1,Q4,Yes,1,61,None,Yes,36.57,Yes,Yes,DSL,24,Yes,Yes,Yes,Yes,No,No,No,Yes,Two Year,No,Credit Card,38.43,1427.56,40.08,0,953.41,2380.97
TUFBHVJUP7934,1599-MMYRQ,1,Q4,Yes,1,65,None,Yes,1.67,No,Yes,Fiber Optic,32,Yes,Yes,No,No,No,No,No,Yes,One Year,Yes,Credit Card,34.88,3439.74,10.79,0,215.09,3654.83
ONFJQCCAK1715,8821-KVZKQ,1,Q4,Yes,1,71,Offer A,No,0,No,Yes,Cable,4,No,Yes,Yes,Yes,Yes,Yes,Yes,Yes,One Year,Yes,Bank Withdrawal,31.57,3360.8,28.1,0,0,3360.8
EGYMAJMRP3226,6434-TTGJP,1,Q4,Yes,2,11,Offer D,No,0,No,Yes,Cable,18,Yes,Yes,Yes,Yes,No,Yes,Yes,Yes,Two Year,No,Credit Card,37.65,428.21,20.14,0,0,428.21
ZKRMTEDPY5525,0042-JVWOJ,1,Q4,No,0,28,Offer C,Yes,20.7,No,No,None,0,No,No,No,No,No,No,No,No,One Year,Yes,Bank Withdrawal,2.15,242.79,6.81,0,902.68,1145.47
GVDOAJCLH7568,0130-SXOUN,1,Q4,No,0,68,Offer A,Yes,4.78,Yes,Yes,Fiber Optic,7,No,Yes,No,No,No,Yes,Yes,No,Month-to-Month,No,Credit Card,47.85,3072.69,31.91,21.08,11.66,3105.43
NNYRBPIZB5178,2330-PQGDQ,1,Q4,Yes,6,54,None,Yes,6.5,Yes,Yes,Fiber Optic,0,No,Yes,No,Yes,No,No,No,Yes,One Year,No,Bank Withdrawal,52.48,22.86,29.45,0,197.43,220.29
ZSJCIUJZL2924,1452-UZOSF,1,Q4,Yes,9,75,Offer A,Yes,1.16,Yes,Yes,Fiber Optic,17,Yes,Yes,Yes,Yes,Yes,No,No,Yes,Two Year,Yes,Credit Card,45.79,2312.49,14.62,0,263.14,2575.63
TTDBWMYFQ2532,2097-YVPKN,1,Q4,No,0,68,None,Yes,3.9,Yes,No,None,0,No,No,No,No,No,No,No,No,Two Year,No,Credit Card,10.57,1358.04,8.03,0,249.24,1607.29
XYNIDKSND5272,8597-CTXVJ,1,Q4,No,0,73,None,Yes,17.62,Yes,Yes,Cable,5,Yes,Yes,No,Yes,No,No,No,Yes,One Year,No,Bank Withdrawal,9.66,1592.91,12.12,0,233.74,1826.65
VLBDSPODQ8721,6631-HMANX,1,Q4,Yes,10,73,None,Yes,29.15,Yes,Yes,Cable,6,No,Yes,Yes,Yes,Yes,Yes,Yes,Yes,Two Year,Yes,Credit Card,2.72,4863.35,0,0,734.11,5597.46
FCCNEWODE7857,9962-BFPDU,1,Q4,Yes,3,2,None,Yes,1.02,No,No,None,0,No,No,No,No,No,No,No,No,Month-to-Month,No,Credit Card,9.02,3.14,0,0,2.33,5.47
OFKTYOQEZ8186,6394-HHHZM,1,Q4,No,0,6,Offer E,Yes,18.41,No,No,None,0,No,No,No,No,No,No,No,No,Month-to-Month,No,Credit Card,4.25,36.76,0,0,19.54,56.3
FCRVXKYOA7862,5995-LFTLE,1,Q4,No,0,60,None,Yes,24.78,Yes,No,None,0,No,No,No,No,No,No,No,No,Two Year,Yes,Credit Card,21.18,432.91,0,0,1838.91,2271.82
DXBYVEHAF9241,0665-XHDJU,1,Q4,Yes,7,75,None,Yes,0.95,Yes,Yes,Fiber Optic,36,No,Yes,No,No,Yes,Yes,Yes,Yes,Two Year,Yes,Bank Withdrawal,80.91,1119.59,0,0,1146.57,2266.17
DHSVQNJWY1633,8265-HKSOW,1,Q4,Yes,1,75,None,Yes,1.89,Yes,Yes,Fiber Optic,12,Yes,Yes,Yes,Yes,No,Yes,Yes,Yes,Two Year,No,Credit Card,97.55,7072.83,0,0,396.49,7469.32
UUONPCUIG7148,3544-FBCAS,1,Q4,Yes,4,74,None,Yes,2.84,Yes,Yes,DSL,15,Yes,Yes,Yes,No,Yes,Yes,Yes,Yes,Two Year,Yes,Credit Card,74.18,5392.53,0,0,227.53,5620.06
IMBTIELTS8176,4759-PXTAN,1,Q4,Yes,7,62,None,Yes,19.27,Yes,Yes,DSL,6,No,Yes,No,Yes,Yes,Yes,Yes,Yes,One Year,Yes,Bank Withdrawal,49.57,2355.52,0,0,626.15,2981.68
SYPOHDEKU4576,7054-DMVAS,1,Q4,No,0,56,None,Yes,12.74,No,Yes,DSL,11,Yes,Yes,No,No,Yes,No,No,Yes,Two Year,Yes,Bank Withdrawal,35.62,231.24,0,0,879.57,1110.81
WPSUOXIOY5767,3428-MMGUB,1,Q4,No,0,61,None,Yes,2.1,Yes,Yes,Fiber Optic,8,No,No,Yes,No,Yes,No,No,Yes,Two Year,Yes,Bank Withdrawal,52.85,1919.69,0,0,266.93,2186.61
DIOYRFHWM2747,6549-BTYPG,1,Q4,Yes,5,63,None,No,0,No,Yes,DSL,45,No,Yes,Yes,Yes,Yes,Yes,Yes,Yes,Two Year,No,Credit Card,37.69,14.59,0,0,0,14.59
XJKIEGXEQ7495,7823-JSOAG,1,Q4,No,0,6,None,Yes,4.97,Yes,Yes,Fiber Optic,6,No,No,No,No,No,No,No,Yes,Month-to-Month,No,Bank Withdrawal,54.58,37.71,0,0,2.27,39.99
BRMUOLAVY2748,3705-RHRFR,1,Q4,Yes,6,72,None,Yes,27.35,Yes,Yes,Fiber Optic,13,Yes,No,No,No,Yes,Yes,Yes,Yes,Two Year,No,Bank Withdrawal,33.75,2897.24,0,0,3122.35,6019.58
HNADIUWGA8884,9374-YOLBJ,1,Q4,Yes,9,3,Offer E,Yes,19.1,No,No,None,0,No,No,No,No,No,No,No,No,Month-to-Month,No,Bank Withdrawal,10.6,16.38,0,0,5.04,21.42
UGABXAMIY2251,9074-KGVOX,1,Q4,Yes,10,53,None,No,0,No,Yes,DSL,7,Yes,No,No,No,Yes,No,No,Yes,Month-to-Month,Yes,Credit Card,24.56,1692.54,0,0,0,1692.54
EWCPOTBZS6984,6128-DAFVY,1,Q4,No,0,59,None,No,0,No,Yes,DSL,1,No,No,No,No,Yes,Yes,Yes,Yes,Month-to-Month,Yes,Credit Card,39.92,2321.21,0,0,0,2321.21
INZCJWUNG1143,9933-QRGTX,1,Q4,Yes,6,63,None,Yes,23.5,No,Yes,Fiber Optic,4,Yes,No,No,Yes,Yes,Yes,Yes,Yes,Two Year,Yes,Bank Withdrawal,63.8,4718.32,0,0,740.79,5459.1
KFKFHAZIK5266,5066-GFJMM,1,Q4,Yes,4,5,Offer E,Yes,5.36,No,No,None,0,No,No,No,No,No,No,No,No,Month-to-Month,Yes,Credit Card,0.23,17.1,0,0,123.18,140.29
MGQQNNDFK6365,2661-GKBTK,1,Q4,Yes,7,62,None,Yes,1.2,No,Yes,DSL,7,No,Yes,No,Yes,Yes,Yes,Yes,Yes,Two Year,No,Bank Withdrawal,68.45,2024.55,0,0,1563.3,3587.85
ENLAYTRDZ8828,0458-HEUZG,1,Q4,No,0,16,Offer D,No,0,No,Yes,Cable,5,No,No,Yes,Yes,No,No,No,No,Two Year,No,Credit Card,0.49,125.94,0,62.75,0,188.69
XKOIENWUC8394,7268-WNTCP,1,Q4,Yes,2,63,None,Yes,0.87,No,No,None,0,No,No,No,No,No,No,No,No,Two Year,No,Bank Withdrawal,3.65,1123.49,0,0,5.33,1128.82
ZYDNNGEKI4317,0824-VWDPO,1,Q4,No,0,46,None,Yes,0.57,Yes,Yes,Fiber Optic,13,Yes,Yes,No,No,No,Yes,Yes,Yes,One Year,No,Bank Withdrawal,6.04,1626.59,0,0,62.65,1689.24
NGOCUWGHI7466,8409-WQJUX,1,Q4,No,0,28,Offer C,No,0,No,Yes,Cable,13,No,No,Yes,Yes,Yes,Yes,Yes,Yes,One Year,No,Bank Withdrawal,25.97,403.99,0,0,0,403.99
MKWAELFVQ1467,2578-JQPHZ,1,Q4,No,0,47,Offer B,Yes,16.95,No,Yes,Fiber Optic,33,No,No,Yes,Yes,Yes,Yes,Yes,Yes,Two Year,No,Bank Withdrawal,51.75,1709.07,0,0,69.12,1778.18
OGLEWYKLL1643,3278-FSIXX,1,Q4,No,0,3,Offer E,Yes,25.5,No,Yes,Cable,8,No,No,No,No,No,No,No,Yes,Month-to-Month,Yes,Credit Card,9.7,38.1,0,0,24.91,63
VJVPBNHVD8148,9746-UGFAC,1,Q4,No,0,24,Offer D,Yes,2.25,No,No,None,0,No,No,No,No,No,No,No,No,One Year,No,Bank Withdrawal,2.92,306.4,0,0,197.91,504.31
BUPSCAVBP8164,2946-KIQSP,1,Q4,No,0,36,Offer C,No,0,No,Yes,Cable,8,No,No,Yes,Yes,No,No,No,No,Month-to-Month,Yes,Credit Card,3.54,354.87,0,8.22,0,363.09
UAUXSQTMK1134,0625-AFOHS,1,Q4,Yes,5,30,Offer C,Yes,16.44,No,No,None,0,No,No,No,No,No,No,No,No,Two Year,No,Credit Card,11.74,406.15,0,0,419.99,826.14
DZCTOVGDL9274,4636-OLWOE,1,Q4,No,0,57,Offer B,Yes,2.16,No,Yes,Cable,9,No,Yes,Yes,Yes,No,No,No,Yes,One Year,Yes,Bank Withdrawal,27.05,32.29,0,0,21.58,53.87
APACTCPAM8381,4685-ERGHK,1,Q4,No,0,58,Offer B,Yes,20.08,Yes,Yes,Fiber Optic,25,No,No,No,No,Yes,No,No,Yes,One Year,Yes,Bank Withdrawal,62.36,1926.19,0,0,785.93,2712.12
OCIFJIEIA9334,0885-HMGPY,1,Q4,No,0,64,Offer B,Yes,2.13,Yes,Yes,Cable,7,Yes,Yes,Yes,Yes,No,No,No,Yes,Two Year,No,Bank Withdrawal,0.02,898.23,0,0,1249.41,2147.64
COSMQTEXB6525,5003-OKNNK,1,Q4,Yes,10,18,Offer D,Yes,1.64,No,No,None,0,No,No,No,No,No,No,No,No,One Year,No,Credit Card,17.6,171.75,0,0,509.35,681.09
YHYMXCOFI7697,7208-PSIHR,1,Q4,Yes,9,73,None,Yes,1.46,Yes,Yes,Fiber Optic,27,No,No,Yes,Yes,Yes,Yes,Yes,No,Two Year,Yes,Bank Withdrawal,5.44,6287.46,0,14.34,249.26,6551.06
GWXQKKILP9721,4012-ZTHBR,1,Q4,Yes,6,22,Offer D,Yes,13.95,No,Yes,Cable,3,No,No,No,No,No,No,No,Yes,Month-to-Month,Yes,Bank Withdrawal,35.88,237.2,0,0,412.59,649.8
LJOSOUAYC2162,0489-WMEMG,1,Q4,No,0,25,Offer D,Yes,13.85,No,Yes,Cable,13,No,No,No,Yes,No,No,No,Yes,One Year,Yes,Bank Withdrawal,8.99,1065.5,0,0,288.81,1354.31
SBXDFFCJJ4878,7435-ZNUYY,1,Q4,No,0,9,Offer E,Yes,4.17,No,No,None,0,No,No,No,No,No,No,No,No,One Year,No,Credit Card,13.43,1.86,0,0,56.29,58.15
AIFCNCBSV4193,1354-YZFNB,1,Q4,No,0,5,Offer E,Yes,21.09,No,No,None,0,No,No,No,No,No,No,No,No,Two Year,No,Credit Card,19.03,23.29,0,0,80.76,104.05
SIWZQQSEM1526,2985-FMWYF,1,Q4,No,0,25,Offer D,Yes,0.12,Yes,Yes,Fiber Optic,1,No,No,No,No,Yes,Yes,Yes,Yes,Month-to-Month,Yes,Bank Withdrawal,15.44,1254.46,0,0,3.04,1257.5
DPGEUGVMA3821,2812-ENYMO,1,Q4,No,0,29,Offer C,No,0,No,Yes,Cable,54,Yes,No,No,Yes,Yes,Yes,Yes,Yes,One Year,No,Credit Card,21.54,789.94,0,0,0,789.94
GULFMWCVV3483,2717-HVIZY,1,Q4,No,0,10,Offer E,Yes,2.66,No,No,None,0,No,No,No,No,No,No,No,No,Month-to-Month,No,Credit Card,0.04,14.75,0,0,110.16,124.92
AOLHPXOTG8667,3422-GALYP,1,Q4,No,0,5,Offer E,Yes,7.61,Yes,Yes,Fiber Optic,27,No,Yes,No,No,No,No,No,Yes,Month-to-Month,Yes,Bank Withdrawal,16.31,91.88,0,0,40.32,132.2
ASWYJJSHA3894,2890-WFBHU,1,Q4,No,0,62,Offer B,Yes,0.94,Yes,Yes,DSL,71,Yes,Yes,Yes,Yes,No,Yes,Yes,Yes,One Year,No,Credit Card,39.67,469.25,0,0,50.5,519.75
KDBOJLXLG4838,0327-WFZSY,1,Q4,Yes,9,41,Offer C,Yes,15.29,Yes,Yes,Fiber Optic,31,No,No,Yes,No,Yes,Yes,Yes,Yes,One Year,No,Bank Withdrawal,52.65,1179.36,0,0,152.82,1332.19
GOLXXSQLX5669,7977-HXJKU,1,Q4,No,0,23,Offer D,Yes,24.6,No,No,None,0,No,No,No,No,No,No,No,No,Two Year,No,Credit Card,18.74,159.8,0,0,551.39,711.19
XQMKDFUAJ1528,7033-CLAMM,1,Q4,Yes,6,50,Offer B,Yes,8.64,No,No,None,0,No,No,No,No,No,No,No,No,Two Year,No,Bank Withdrawal,4.54,421.03,0,0,803.17,1224.21
LOGHZGRCI3742,0864-FVJNJ,1,Q4,Yes,1,66,Offer B,Yes,5.83,Yes,Yes,Fiber Optic,13,Yes,Yes,Yes,Yes,Yes,Yes,Yes,No,One Year,No,Bank Withdrawal,14.19,7164.47,0,10.63,69.85,7244.95
EUJDKCSWQ5969,7356-IWLFW,1,Q4,Yes,1,47,Offer B,Yes,4.52,Yes,Yes,Fiber Optic,9,No,Yes,No,No,No,No,No,Yes,Month-to-Month,Yes,Bank Withdrawal,56.14,1758.27,0,0,77.82,1836.09
AAYBYIUQN5227,9541-PWTWO,1,Q4,No,0,55,Offer B,Yes,19.71,Yes,Yes,DSL,10,No,No,Yes,Yes,Yes,Yes,Yes,Yes,Two Year,Yes,Bank Withdrawal,25.52,94.58,0,0,748.06,842.64
RCRUBPLJR7223,3967-VQOGC,1,Q4,Yes,4,68,None,Yes,8.43,Yes,No,None,0,No,No,No,No,No,No,No,No,Two Year,Yes,Credit Card,6.88,1364.9,0,0,808.18,2173.08
DIYGGYAWU5127,6308-CQRBU,1,Q4,Yes,7,74,None,Yes,0.78,Yes,Yes,Fiber Optic,16,No,Yes,Yes,Yes,Yes,Yes,Yes,Yes,Two Year,No,Bank Withdrawal,96.5,5929.58,0,0,1956.33,7885.91
FIVIKGXGY6538,0186-CAERR,1,Q4,No,0,73,None,Yes,1.88,Yes,Yes,Fiber Optic,9,Yes,Yes,Yes,Yes,Yes,Yes,Yes,Yes,One Year,Yes,Bank Withdrawal,12.89,3604.1,0,0,22.96,3627.06
RQLMZMHRG7952,3043-SUDUA,1,Q4,No,0,34,Offer C,Yes,3.53,No,No,None,0,No,No,No,No,No,No,No,No,Month-to-Month,No,Bank Withdrawal,2.09,379.65,0,0,262.78,642.43
JXVSGXUYP1241,5442-BHQNG,1,Q4,No,0,3,None,Yes,8.77,No,Yes,Fiber Optic,6,No,No,No,No,No,No,No,Yes,Month-to-Month,No,Bank Withdrawal,18.43,21.12,0,0,83.69,104.81
CHPXTUGRT2248,2169-RRLFW,1,Q4,Yes,3,74,None,Yes,9.18,Yes,No,None,0,No,No,No,No,No,No,No,No,Two Year,No,Credit Card,23.78,1570.29,0,0,316.38,1886.66
EVZBHVFET2595,5872-OEQNH,1,Q4,No,0,61,Offer B,No,0,No,Yes,DSL,67,Yes,No,Yes,No,No,Yes,Yes,Yes,One Year,Yes,Bank Withdrawal,16.92,2683.73,0,0,0,2683.73
KJTYPZJLH6852,8873-GLDMH,1,Q4,No,0,7,None,Yes,17.69,Yes,Yes,Fiber Optic,4,No,No,No,No,No,No,No,Yes,Month-to-Month,Yes,Credit Card,36.73,56.61,0,0,153.7,210.31
UCOECTXWL5796,5696-JVVQY,1,Q4,Yes,1,49,Offer B,Yes,2.45,No,Yes,DSL,52,Yes,Yes,Yes,No,No,Yes,Yes,No,Two Year,Yes,Credit Card,20.72,979.23,0,7.9,132.19,1119.32
BYNCRJKAV5546,8946-BFWSG,1,Q4,Yes,8,65,Offer B,Yes,7.5,Yes,No,None,0,No,No,No,No,No,No,No,No,Two Year,No,Credit Card,20.77,34.46,0,0,1391.65,1426.1
JMTSCXVWJ9454,0547-HURJB,1,Q4,No,0,15,Offer D,Yes,8.38,No,No,None,0,No,No,No,No,No,No,No,No,Month-to-Month,No,Credit Card,9.98,65.44,0,0,198.82,264.25
IWZLVNVEC8848,8845-LWKGE,1,Q4,Yes,4,32,Offer C,Yes,30.74,No,Yes,Cable,11,No,No,Yes,Yes,Yes,No,No,Yes,One Year,Yes,Bank Withdrawal,39.69,1342.59,0,0,413.95,1756.53
JJKZGYNLU9268,0691-NIKRI,1,Q4,No,0,42,Offer B,Yes,7.73,Yes,Yes,Fiber Optic,9,No,No,Yes,Yes,Yes,Yes,Yes,Yes,One Year,Yes,Credit Card,56.46,2709.2,0,0,457.27,3166.47
QGYTVLDSJ3833,5022-JNQEQ,1,Q4,Yes,10,11,None,Yes,4.1,No,Yes,Fiber Optic,2,No,No,No,Yes,No,No,No,Yes,Month-to-Month,Yes,Bank Withdrawal,24.89,361.65,0,0,57.15,418.8
JOEGSKTYV2644,3249-VHRIP,1,Q4,No,0,64,Offer B,No,0,No,Yes,Cable,13,No,Yes,Yes,No,No,Yes,Yes,Yes,Two Year,Yes,Credit Card,33.81,2709.11,0,0,0,2709.11
LMAQXLMAL6192,3736-BLEPA,1,Q4,No,0,29,Offer C,Yes,12.69,No,Yes,Fiber Optic,10,No,Yes,No,Yes,Yes,No,No,Yes,One Year,Yes,Bank Withdrawal,50.15,2430.54,0,0,135.83,2566.38
QZWJUNMMK7957,4701-LKOZD,1,Q4,No,0,71,None,Yes,13.53,Yes,Yes,Cable,2,Yes,Yes,Yes,Yes,Yes,Yes,Yes,No,Two Year,No,Credit Card,12.8,2679.84,0,37.84,3.32,2721
EHULQRSXE3347,6603-QWSPR,1,Q4,No,0,48,Offer B,Yes,0.86,No,Yes,Fiber Optic,34,No,Yes,Yes,Yes,Yes,Yes,Yes,Yes,Two Year,Yes,Bank Withdrawal,35.79,2145.81,0,0,155.41,2301.22
SDNOBLMRV5244,9921-QFQUL,1,Q4,Yes,2,24,Offer D,Yes,9.17,Yes,Yes,Fiber Optic,9,No,No,Yes,No,No,Yes,Yes,Yes,Month-to-Month,No,Credit Card,85.09,1951.82,0,0,386.18,2338.01
JKFWXXYFQ6257,1929-ZCBHE,1,Q4,Yes,7,49,Offer B,No,0,No,Yes,DSL,10,Yes,No,Yes,Yes,No,No,No,Yes,One Year,No,Bank Withdrawal,9.44,1611.61,0,0,0,1611.61
LNYCHOSVA4157,4378-MYPGO,1,Q4,Yes,3,71,None,Yes,27.4,No,Yes,Fiber Optic,11,Yes,Yes,Yes,No,Yes,Yes,Yes,Yes,Two Year,Yes,Bank Withdrawal,78.05,5936.3,0,0,632.47,6568.78
QWABUSBYO7396,4129-LYCOI,1,Q4,No,0,68,None,Yes,2.54,Yes,Yes,Fiber Optic,32,No,Yes,No,Yes,Yes,Yes,Yes,Yes,Two Year,Yes,Bank Withdrawal,38.52,1384.44,0,0,687.23,2071.67
QGSXKCEHT9184,7798-JVXYM,1,Q4,No,0,17,Offer D,Yes,4.01,No,Yes,DSL,16,No,No,No,Yes,Yes,Yes,Yes,Yes,Month-to-Month,Yes,Bank Withdrawal,11.39,51.71,0,0,152.38,204.09
KWUAFQHDW6977,8647-SDTWQ,1,Q4,Yes,4,59,Offer B,Yes,37.95,Yes,Yes,Fiber Optic,3,No,No,No,No,No,No,No,No,Month-to-Month,Yes,Bank Withdrawal,51.52,3379.04,0,33.46,2703.97,6116.48
OFBLGJLZU9281,2696-ECXKC,1,Q4,Yes,6,58,Offer B,Yes,29.18,Yes,Yes,Fiber Optic,4,Yes,No,No,No,Yes,Yes,Yes,Yes,One Year,No,Credit Card,14.16,3550.25,0,0,1408.74,4958.99
QXLMCNPLU6728,2081-KJSQF,1,Q4,No,0,4,None,Yes,10.96,No,No,None,0,No,No,No,No,No,No,No,No,Month-to-Month,Yes,Credit Card,6.91,16.62,0,0,28.64,45.26
RRDJIBVAB1537,3323-CPBWR,1,Q4,No,0,24,Offer D,Yes,1.5,Yes,Yes,Fiber Optic,4,No,No,Yes,Yes,Yes,No,No,Yes,Month-to-Month,Yes,Credit Card,6.64,1510.29,0,0,21.5,1531.78
ZJWUKROFZ4759,3384-CTMSF,1,Q4,Yes,2,49,Offer B,Yes,8.69,Yes,Yes,Fiber Optic,2,No,Yes,Yes,No,Yes,Yes,Yes,Yes,Month-to-Month,Yes,Bank Withdrawal,11.19,875.46,0,0,1306.19,2181.65
PBAMYZDJH7983,0902-RFHOF,1,Q4,No,0,39,None,Yes,2.23,No,No,None,0,No,No,No,No,No,No,No,No,One Year,No,Credit Card,19.85,142.68,0,0,517.17,659.85
ZJALDNQHZ9178,7718-RXDGG,1,Q4,Yes,9,17,Offer D,Yes,14.17,No,Yes,Fiber Optic,1,No,No,No,No,No,No,No,No,Month-to-Month,Yes,Bank Withdrawal,28.6,348.69,0,44.79,237,630.48
CHDAZDAJK2418,1025-FALIX,1,Q4,No,0,26,None,Yes,37.51,No,Yes,Fiber Optic,30,No,No,No,No,No,No,No,Yes,Month-to-Month,Yes,Credit Card,69.05,1815.65,0,0,975.26,2790.91
YVYATIESQ7112,3451-VAWLI,1,Q4,Yes,5,35,None,Yes,15.41,No,No,None,0,No,No,No,No,No,No,No,No,Two Year,No,Credit Card,19.7,730.4,0,0,539.35,1269.75
NNDSHSEOW7928,3407-QGWLG,1,Q4,No,0,3,None,Yes,37.85,No,No,None,0,No,No,No,No,No,No,No,No,Month-to-Month,Yes,Credit Card,20.05,75.45,0,0,113.55,189
HUJMRPIOV2164,2347-WKKAE,1,Q4,Yes,9,42,None,Yes,41.16,Yes,Yes,Fiber Optic,11,Yes,No,Yes,No,No,Yes,Yes,Yes,Month-to-Month,Yes,Bank Withdrawal,94.4,4014.6,0,0,1728.72,5743.32
IURRMHFIC7131,8735-DCXNF,1,Q4,Yes,9,10,Offer D,Yes,21.85,No,Yes,DSL,9,Yes,No,No,Yes,No,No,No,Yes,Month-to-Month,Yes,Credit Card,54.95,568.85,0,0,218.5,787.35
XBABHLVKD3244,3214-IYUUQ,1,Q4,No,0,61,None,Yes,10.21,No,Yes,Fiber Optic,69,Yes,Yes,No,Yes,No,Yes,Yes,Yes,One Year,No,Bank Withdrawal,93.7,5860.7,0,0,622.81,6483.51
PZJTRNWYX6136,1936-UAFEH,1,Q4,No,0,68,None,Yes,48.82,Yes,Yes,Fiber Optic,17,Yes,Yes,No,Yes,Yes,Yes,Yes,No,Two Year,No,Credit Card,110.25,7279.35,0,30,3319.76,10629.11
YBUUOMRUE3794,3587-PMCOY,1,Q4,No,0,10,Offer D,Yes,46.33,No,Yes,Fiber Optic,26,Yes,No,Yes,No,Yes,Yes,Yes,Yes,One Year,Yes,Bank Withdrawal,98.9,1064.95,0,0,463.3,1528.25
PEQOBCENC5199,1027-LKKQQ,1,Q4,Yes,3,72,None,Yes,12.96,No,Yes,DSL,56,Yes,No,Yes,Yes,Yes,Yes,Yes,Yes,Two Year,Yes,Bank Withdrawal,80.45,5886.85,0,0,933.12,6819.97
SIZWIDHCV3649,7148-XZPHA,1,Q4,Yes,9,55,None,Yes,13.45,No,Yes,Fiber Optic,53,No,Yes,No,Yes,No,No,No,Yes,Month-to-Month,No,Bank Withdrawal,79.4,4238.45,0,0,739.75,4978.2
ZWKNHPJOO9883,5309-TAIKL,1,Q4,No,0,7,None,Yes,8.29,No,Yes,DSL,21,No,No,Yes,Yes,No,Yes,Yes,Yes,Month-to-Month,No,Bank Withdrawal,62.8,418.3,0,0,58.03,476.33
BWHMBRZDT4522,6856-RAURS,1,Q4,No,0,2,None,Yes,41.08,Yes,Yes,Fiber Optic,25,No,No,No,No,No,No,No,Yes,Month-to-Month,Yes,Credit Card,74.9,136.05,0,0,82.16,218.21
XOFHYQGEM4967,8778-LMWTJ,1,Q4,No,0,9,None,Yes,13.05,No,Yes,Fiber Optic,73,Yes,No,No,No,No,No,No,Yes,Month-to-Month,Yes,Bank Withdrawal,74.85,708.2,0,0,117.45,825.65
UIHPVGSCX7437,9717-IOAAF,1,Q4,No,0,27,None,Yes,2.65,Yes,No,None,0,No,No,No,No,No,No,No,No,Two Year,Yes,Credit Card,25.85,788.55,0,0,71.55,860.1
DLHBOWARY2296,2845-KDHVX,1,Q4,Yes,9,64,None,Yes,23.29,No,Yes,DSL,25,No,Yes,Yes,Yes,No,Yes,Yes,Yes,Two Year,Yes,Credit Card,68.3,4378.8,0,0,1490.56,5869.36
EDROWZMBI7693,0848-SOMKO,1,Q4,No,0,70,None,No,0,No,Yes,DSL,26,Yes,No,Yes,Yes,No,Yes,Yes,Yes,Two Year,No,Bank Withdrawal,48.4,3442.8,0,0,0,3442.8
AFHAOSTXA8191,1535-VTJOQ,1,Q4,No,0,24,None,Yes,26.64,Yes,No,None,0,No,No,No,No,No,No,No,No,Two Year,No,Credit Card,25.15,553,0,0,639.36,1192.36
YPOSVHKOQ4937,6368-TZZDT,1,Q4,Yes,8,4,None,Yes,3.57,No,No,None,0,No,No,No,No,No,No,No,No,Two Year,No,Credit Card,19.5,96.85,0,0,14.28,111.13
OSTRIKNLA5129,0943-ZQPXH,1,Q4,Yes,2,44,None,Yes,26.25,No,Yes,Fiber Optic,25,No,No,Yes,No,Yes,Yes,Yes,Yes,Month-to-Month,Yes,Bank Withdrawal,92.95,4122.9,0,0,1155,5277.9
SWGXMHFBQ7688,1293-BSEUN,1,Q4,Yes,9,72,None,Yes,6.9,No,No,None,0,No,No,No,No,No,No,No,No,Two Year,Yes,Credit Card,20.7,1482.3,0,0,496.8,1979.1
DJMVMADSL5961,1302-TPUBN,1,Q4,No,0,66,None,Yes,21.23,No,No,None,0,No,No,No,No,No,No,No,No,Two Year,No,Bank Withdrawal,19.35,1240.8,0,0,1401.18,2641.98
AEIYBRFEJ8543,0927-CNGRH,1,Q4,No,0,1,None,Yes,30.63,No,No,None,0,No,No,No,No,No,No,No,No,Month-to-Month,No,Credit Card,19.55,19.55,0,0,30.63,50.18
JBSMNNUZR6571,8608-OZTLB,1,Q4,Yes,4,38,None,Yes,31.45,No,Yes,DSL,76,Yes,Yes,Yes,Yes,Yes,No,No,Yes,One Year,No,Bank Withdrawal,74.05,2802.3,0,0,1195.1,3997.4
PBGFTGPTY8816,2335-GSODA,1,Q4,No,0,23,None,No,0,No,Yes,DSL,26,Yes,No,Yes,Yes,No,No,No,Yes,Two Year,No,Credit Card,40.1,857.75,0,0,0,857.75
BXEDONNJO5736,1952-DVVSW,1,Q4,Yes,4,10,None,Yes,14.04,No,No,None,0,No,No,No,No,No,No,No,No,One Year,No,Credit Card,20.1,184.4,0,0,140.4,324.8
EKBMMISSW5712,6656-GULJQ,1,Q4,Yes,4,72,None,Yes,21.21,Yes,Yes,DSL,27,Yes,No,Yes,Yes,Yes,Yes,Yes,No,Two Year,Yes,Credit Card,83.55,6093.3,0,90,1527.12,7710.42
XKWHVUIYF2695,9853-JFZDU,1,Q4,Yes,7,35,None,Yes,20.79,No,Yes,DSL,69,No,Yes,No,Yes,No,No,No,Yes,Month-to-Month,No,Bank Withdrawal,56.85,1861.1,0,0,727.65,2588.75
ELPWSJGYB6669,3777-XROBG,1,Q4,Yes,4,58,None,Yes,43.52,No,No,None,0,No,No,No,No,No,No,No,No,Two Year,No,Credit Card,19.55,1079.65,0,0,2524.16,3603.81
WJWRNKFMD2741,6994-FGRHH,1,Q4,Yes,7,70,None,Yes,3.67,No,Yes,Fiber Optic,28,No,Yes,Yes,Yes,Yes,Yes,Yes,Yes,One Year,Yes,Bank Withdrawal,106.15,7475.1,0,0,256.9,7732
OKXEXWERF9818,4000-VGMQP,1,Q4,Yes,2,38,None,Yes,13.67,Yes,Yes,Cable,30,No,Yes,Yes,No,Yes,Yes,Yes,Yes,One Year,No,Credit Card,78.95,2862.55,0,0,519.46,3382.01
LQYBBBQDO7956,3999-WRNGR,1,Q4,Yes,2,60,None,No,0,No,Yes,Cable,51,No,Yes,No,No,Yes,Yes,Yes,Yes,Month-to-Month,Yes,Bank Withdrawal,49.75,3069.45,0,0,0,3069.45
VHAMONZVR2175,3466-RITXD,1,Q4,No,0,26,None,Yes,37.59,Yes,Yes,Fiber Optic,8,Yes,Yes,No,No,Yes,No,No,Yes,Month-to-Month,Yes,Credit Card,92.4,2349.8,0,0,977.34,3327.14
DXUYENWTG9543,2680-XKKNJ,1,Q4,No,0,8,None,Yes,17.52,No,Yes,DSL,28,Yes,Yes,No,Yes,No,No,No,No,One Year,No,Bank Withdrawal,58.2,469.25,0,30,140.16,639.41
ACDGPCDGZ4832,2101-RANCD,1,Q4,No,0,55,None,Yes,8.93,Yes,Yes,Fiber Optic,26,No,No,No,No,No,No,No,Yes,Month-to-Month,Yes,Bank Withdrawal,73.1,4144.9,0,0,491.15,4636.05
KRVBKTLMC3775,7921-BEPCI,1,Q4,No,0,72,None,Yes,12.63,Yes,Yes,DSL,23,Yes,Yes,No,No,No,No,No,Yes,Two Year,No,Bank Withdrawal,59.75,4265,0,0,909.36,5174.36
DGHTIFDUJ4574,8510-TMWYB,1,Q4,Yes,9,54,None,Yes,23.02,Yes,Yes,Cable,21,No,Yes,Yes,No,No,No,No,Yes,Two Year,Yes,Bank Withdrawal,59.8,3246.45,0,0,1243.08,4489.53
GGWBAKUWQ8295,3258-ZKPAI,1,Q4,Yes,7,72,None,Yes,21.29,Yes,Yes,Fiber Optic,52,Yes,Yes,Yes,Yes,Yes,Yes,Yes,Yes,Two Year,Yes,Bank Withdrawal,116.6,8337.45,26.7,0,1532.88,9843.63
DVSOVBKRY7899,1428-IEDPR,1,Q4,No,0,52,None,Yes,20.8,Yes,Yes,Fiber Optic,30,Yes,No,Yes,Yes,Yes,Yes,Yes,No,Two Year,Yes,Bank Withdrawal,109.3,5731.4,3.85,60,1081.6,6869.15
KCVQUKFNP6797,4450-YOOHP,1,Q4,No,0,39,None,No,0,No,Yes,DSL,6,No,No,Yes,No,Yes,Yes,Yes,Yes,Month-to-Month,Yes,Credit Card,50.65,1905.4,3.51,0,0,1901.89
DVXCMMXAE4353,6728-CZFEI,1,Q4,No,0,15,None,Yes,6.56,No,Yes,DSL,52,No,No,No,No,Yes,No,No,Yes,One Year,No,Credit Card,56.15,931.9,35.23,0,98.4,995.07
MMYPOFUZA5655,3653-NCRDJ,1,Q4,Yes,10,43,None,Yes,14.97,No,No,None,0,No,No,No,No,No,No,No,No,One Year,Yes,Credit Card,19.2,776.25,9.48,0,643.71,1410.48
TBOPPMDSF6281,6519-ZHPXP,1,Q4,Yes,1,72,None,Yes,41.55,No,Yes,Fiber Optic,25,Yes,Yes,Yes,Yes,Yes,Yes,Yes,No,Two Year,Yes,Bank Withdrawal,108.3,7679.65,36.13,50,2991.6,10685.12
KUFGZTVBP1641,3472-QPRCH,1,Q4,Yes,9,40,None,Yes,27.95,Yes,No,None,0,No,No,No,No,No,No,No,No,Two Year,No,Credit Card,25.25,1006.9,44.51,0,1118,2080.39
SLQHDHZSW6837,8224-UAXBZ,1,Q4,Yes,7,58,None,No,0,No,Yes,DSL,29,Yes,Yes,No,No,Yes,No,No,Yes,One Year,Yes,Bank Withdrawal,45.35,2540.1,4.08,0,0,2536.02
KTZAVDHNZ2689,9610-WCESF,1,Q4,No,0,67,None,No,0,No,Yes,Cable,17,Yes,No,No,Yes,Yes,No,No,Yes,Two Year,No,Bank Withdrawal,43.9,3097.2,34.45,0,0,3062.75
WNEHWYXVE9799,2486-WYVVE,1,Q4,Yes,1,31,None,Yes,3.12,Yes,Yes,DSL,6,No,No,Yes,Yes,Yes,Yes,Yes,Yes,One Year,Yes,Credit Card,79.3,2484,0,0,96.72,2580.72
WELIQRPCQ3266,1422-DGUBX,1,Q4,Yes,4,32,None,Yes,43.11,Yes,Yes,Fiber Optic,18,No,No,No,Yes,No,No,No,Yes,One Year,Yes,Bank Withdrawal,79.25,2619.15,16.96,0,1379.52,3981.71
TZHQQZBUX3829,2999-AANRQ,1,Q4,No,0,21,None,Yes,17.35,No,Yes,DSL,71,Yes,Yes,No,Yes,Yes,No,No,No,Two Year,No,Credit Card,71.05,1524.85,16.91,140,364.35,2012.29
DMZIADHZH4132,8668-KNZTI,1,Q4,No,0,52,None,Yes,47.9,No,Yes,DSL,3,Yes,No,Yes,No,No,No,No,Yes,One Year,No,Bank Withdrawal,53.75,2790.65,43.12,0,2490.8,5238.33
KLWQDDZLW7373,0480-KYJVA,1,Q4,Yes,8,72,None,Yes,47.6,Yes,No,None,0,No,No,No,No,No,No,No,No,Two Year,No,Credit Card,24.25,1784.5,49.76,0,3427.2,5161.94
SXBUWHBRS7197,9746-YKGXB,1,Q4,Yes,9,52,None,No,0,No,Yes,DSL,19,Yes,No,Yes,No,No,Yes,Yes,Yes,One Year,No,Bank Withdrawal,44.25,2276.1,23.5,0,0,2252.6
UFFXATXFV9483,3926-YZVVX,1,Q4,No,0,41,None,Yes,12.42,No,Yes,Cable,12,No,No,No,Yes,No,No,No,Yes,One Year,No,Bank Withdrawal,50.05,2029.05,0,0,509.22,2538.27
OWJUBATQG3139,6000-UKLWI,1,Q4,No,0,41,None,Yes,36.76,No,No,None,0,No,No,No,No,No,No,No,No,Two Year,No,Credit Card,20.15,802.35,29.95,0,1507.16,2279.56
BMWXKOTSZ8148,6332-FBZRI,1,Q4,Yes,6,67,None,Yes,36.21,Yes,Yes,DSL,24,Yes,Yes,Yes,Yes,No,No,No,Yes,One Year,Yes,Credit Card,69.35,4653.25,9.99,0,2426.07,7069.33
YUAOLTZYR9896,2096-XOTMO,1,Q4,Yes,10,16,None,Yes,12.82,No,No,None,0,No,No,No,No,No,No,No,No,Month-to-Month,No,Credit Card,19.35,275.9,33.24,0,205.12,447.78
GDKUKUGWL8787,3266-FTKHB,1,Q4,No,0,17,None,Yes,27.66,No,No,None,0,No,No,No,No,No,No,No,No,Two Year,No,Credit Card,19.15,343.45,28.63,0,470.22,785.04
BDRFMRULK6438,8221-EQDGL,1,Q4,Yes,4,35,None,Yes,25.32,No,Yes,DSL,30,Yes,Yes,Yes,No,No,No,No,Yes,Month-to-Month,No,Credit Card,61,2130.45,10.7,0,886.2,3005.95
HDRTXDVOX5679,2346-LOCWC,1,Q4,Yes,10,58,None,Yes,25.86,No,No,None,0,No,No,No,No,No,No,No,No,Two Year,No,Credit Card,20.5,1191.4,36.92,0,1499.88,2654.36
AAHKFGKAO4831,0298-XACET,1,Q4,Yes,1,52,None,No,0,No,Yes,DSL,17,No,Yes,Yes,Yes,Yes,No,No,Yes,Two Year,No,Credit Card,50.2,2554,27.01,0,0,2526.99
FSWZAHCVB1613,7560-QJAVJ,1,Q4,No,0,70,None,Yes,47.72,No,Yes,DSL,28,Yes,No,Yes,Yes,Yes,Yes,Yes,Yes,Two Year,No,Bank Withdrawal,79.6,5589.45,42.34,0,3340.4,8887.51
ZCGEOLSOG4921,2995-YWTCD,1,Q4,Yes,1,19,None,Yes,31.58,Yes,No,None,0,No,No,No,No,No,No,No,No,Two Year,Yes,Bank Withdrawal,24.9,467.7,0,0,600.02,1067.72
QNAHQLKWP3438,9137-UIYPG,1,Q4,Yes,1,35,None,Yes,26.09,No,Yes,Fiber Optic,56,Yes,No,Yes,Yes,Yes,Yes,Yes,No,Month-to-Month,Yes,Bank Withdrawal,106.9,3756.45,34.47,150,913.15,4785.13
EUTAOKKMO9211,2809-ZMYOQ,1,Q4,No,0,32,None,Yes,41.53,Yes,Yes,Fiber Optic,28,No,No,Yes,No,Yes,Yes,Yes,Yes,Month-to-Month,Yes,Bank Withdrawal,101.35,3334.9,0,0,1328.96,4663.86
LNMTCVPDY8599,5084-OOVCJ,1,Q4,Yes,1,17,None,Yes,20.23,No,Yes,DSL,69,Yes,No,No,Yes,No,No,No,Yes,Month-to-Month,Yes,Credit Card,55.35,920.5,0,0,343.91,1264.41
XUHYZGOJL2618,0254-WWRKD,1,Q4,Yes,1,67,Offer A,Yes,46.9,No,Yes,Cable,28,No,Yes,No,No,No,No,No,Yes,One Year,No,Credit Card,50.55,3431.75,0,0,3142.3,6574.05
HEKOGSUFW4787,7727-SHVZV,1,Q4,No,0,9,None,Yes,43.83,No,No,None,0,No,No,No,No,No,No,No,No,Month-to-Month,No,Bank Withdrawal,19.5,150.35,0,0,394.47,544.82
VNIICWJNO3688,5339-PXDVH,1,Q4,No,0,4,Offer E,Yes,31.57,Yes,Yes,Fiber Optic,18,Yes,No,No,No,Yes,No,No,Yes,Month-to-Month,No,Bank Withdrawal,90.65,367.95,0,0,126.28,494.23
FIYYASZYB2971,8782-NUUOL,1,Q4,No,0,60,None,Yes,35.13,No,Yes,DSL,3,Yes,No,Yes,Yes,Yes,Yes,Yes,Yes,One Year,No,Credit Card,79,4801.1,0,0,2107.8,6908.9
TPARYIJQQ9967,7601-WFVZV,1,Q4,No,0,1,Offer E,Yes,17.94,No,No,None,0,No,No,No,No,No,No,No,No,Month-to-Month,No,Credit Card,19.55,19.55,0,0,17.94,37.49
LAWGJQPGV1677,4609-KNNWG,1,Q4,Yes,1,27,None,Yes,2.4,No,No,None,0,No,No,No,No,No,No,No,No,Two Year,No,Credit Card,19.9,550.1,0,0,64.8,614.9
CXRCTVBOZ1773,9529-OFXHY,1,Q4,No,0,15,None,Yes,13.8,Yes,Yes,Fiber Optic,59,Yes,No,No,No,Yes,No,No,Yes,Month-to-Month,Yes,Bank Withdrawal,87.75,1242.2,0,0,207,1449.2
RSVZTDHBK8785,2669-QVCRG,1,Q4,No,0,41,None,Yes,7.83,Yes,Yes,Fiber Optic,19,Yes,No,No,No,No,No,No,Yes,Month-to-Month,Yes,Credit Card,81.3,3190.65,0,0,321.03,3511.68
DBWYJDKPN6769,2478-EEWWM,1,Q4,Yes,1,59,Offer B,No,0,No,Yes,DSL,53,No,No,No,No,Yes,Yes,Yes,No,Month-to-Month,Yes,Bank Withdrawal,44.3,2666.75,0,20,0,2686.75
JMKAUOALC6246,9174-IHETN,1,Q4,No,0,50,Offer B,Yes,36.11,No,Yes,Fiber Optic,20,No,No,No,No,No,No,No,Yes,Two Year,No,Credit Card,70.35,3533.6,0,0,1805.5,5339.1
RIOEGZMSB8138,2233-TXSIU,1,Q4,Yes,1,17,None,No,0,No,Yes,DSL,52,Yes,No,Yes,No,Yes,No,No,Yes,One Year,No,Credit Card,44.45,792.15,0,0,0,792.15
BZTOTCXRC2581,9644-UMGQA,1,Q4,Yes,1,6,Offer E,Yes,34.7,No,Yes,DSL,51,Yes,No,No,No,No,No,No,Yes,Month-to-Month,Yes,Bank Withdrawal,49.15,295.65,0,0,208.2,503.85
JAUDMVNQV2613,0419-YAAPX,1,Q4,Yes,1,49,Offer B,Yes,14.21,No,Yes,Fiber Optic,23,No,Yes,No,No,Yes,No,No,Yes,Month-to-Month,Yes,Credit Card,85.3,4297.95,0,0,696.29,4994.24
CDYUSXSKO5159,0872-CASZJ,1,Q4,Yes,1,59,Offer B,Yes,20.5,Yes,Yes,Cable,53,Yes,No,No,Yes,No,Yes,Yes,Yes,One Year,Yes,Credit Card,69.1,4096.9,0,0,1209.5,5306.4
TXEYWBTZG8832,8164-OCKUJ,1,Q4,Yes,1,59,Offer B,Yes,2.47,No,No,None,0,No,No,No,No,No,No,No,No,Two Year,No,Credit Card,20.6,1286,0,0,145.73,1431.73
LDYECXVRV3691,3094-JOJAI,1,Q4,No,0,18,None,Yes,4.38,Yes,Yes,Fiber Optic,20,No,No,No,No,No,No,No,Yes,Month-to-Month,No,Credit Card,74.15,1387,0,0,78.84,1465.84
MMTBEAQNH7416,9494-MRNYX,1,Q4,No,0,10,None,Yes,17.98,Yes,Yes,Fiber Optic,26,No,No,No,No,No,No,No,Yes,Month-to-Month,No,Bank Withdrawal,75.05,786.3,0,0,179.8,966.1
QJPZGHPYX2626,2599-CZABP,1,Q4,Yes,1,14,Offer D,Yes,44.95,No,Yes,DSL,19,No,No,No,No,No,No,No,Yes,One Year,No,Bank Withdrawal,44.6,641.25,0,0,629.3,1270.55
AJAHTHYES2173,7945-PRBVF,1,Q4,No,0,35,None,Yes,17.2,No,No,None,0,No,No,No,No,No,No,No,No,Two Year,No,Bank Withdrawal,21.45,705.45,0,0,602,1307.45
TOLYHBQOG5554,4544-RXFMG,1,Q4,Yes,1,8,Offer E,Yes,6.78,No,Yes,DSL,24,No,No,No,No,No,No,No,Yes,One Year,Yes,Credit Card,43.45,345.5,0,0,54.24,399.74
RPQWIGRUB8514,0859-YGKFW,1,Q4,Yes,1,18,Offer D,Yes,28.06,No,No,None,0,No,No,No,No,No,No,No,No,One Year,No,Bank Withdrawal,20.05,345.9,0,0,505.08,850.98
STUFJKSUN5822,1150-FTQGN,1,Q4,Yes,1,60,Offer B,Yes,48.04,Yes,Yes,Fiber Optic,76,Yes,Yes,No,No,Yes,No,No,Yes,One Year,No,Bank Withdrawal,94.15,5811.8,0,0,2882.4,8694.2
CAFWAQGKN8764,7196-LIWRH,1,Q4,No,0,6,Offer E,Yes,7.35,No,No,None,0,No,No,No,No,No,No,No,No,Two Year,No,Credit Card,19.55,124.45,0,0,44.1,168.55
AMQHAEAUR6625,5448-VWNAM,1,Q4,No,0,19,Offer D,Yes,8.02,Yes,Yes,DSL,57,Yes,Yes,No,Yes,Yes,No,No,Yes,Month-to-Month,Yes,Credit Card,75.9,1375.6,0,0,152.38,1527.98
HZOAYNLYK2799,1177-XZBJL,1,Q4,Yes,1,53,Offer B,Yes,37.57,Yes,Yes,DSL,15,Yes,Yes,No,Yes,No,No,No,Yes,One Year,No,Bank Withdrawal,64.15,3491.55,0,0,1991.21,5482.76
SBLBVAGPQ4971,9330-VOFSZ,1,Q4,Yes,1,60,Offer B,Yes,30.23,Yes,Yes,Fiber Optic,14,No,Yes,Yes,Yes,Yes,Yes,Yes,Yes,Two Year,Yes,Credit Card,110.8,6640.7,9.79,0,1813.8,8444.71
XFUKLEAVB3642,0939-EREMR,1,Q4,No,0,13,Offer D,Yes,25.33,No,Yes,Cable,27,No,No,Yes,Yes,No,No,No,No,Month-to-Month,No,Credit Card,53.45,718.1,26.37,0,329.29,1021.02
FTWJNZGES4692,9389-ACWBI,1,Q4,Yes,1,5,None,Yes,1.38,No,Yes,Fiber Optic,16,No,No,No,No,No,No,No,Yes,Month-to-Month,No,Credit Card,69.95,320.4,0,0,6.9,327.3
ULXJYIOOU9857,3644-QXEHN,1,Q4,Yes,1,13,Offer D,Yes,44.05,No,Yes,Fiber Optic,19,No,No,Yes,No,Yes,Yes,Yes,Yes,Month-to-Month,No,Bank Withdrawal,97,1334.45,0,0,572.65,1907.1
OZBAZAFEF3485,2911-IJORQ,1,Q4,No,0,37,None,Yes,44.52,Yes,Yes,DSL,6,Yes,Yes,Yes,Yes,Yes,Yes,Yes,Yes,One Year,Yes,Bank Withdrawal,90.6,3358.65,8.96,0,1647.24,4996.93
NJPMKLQXA7386,5921-NGYRH,1,Q4,No,0,64,Offer B,Yes,48.41,No,Yes,Fiber Optic,22,Yes,No,No,No,No,No,No,Yes,Month-to-Month,Yes,Credit Card,73.55,4764,21.9,0,3098.24,7840.34
ZNWWYRTXD2759,5998-DZLYR,1,Q4,Yes,1,61,Offer B,Yes,25.14,Yes,Yes,Fiber Optic,13,No,Yes,No,Yes,No,Yes,Yes,Yes,Two Year,Yes,Bank Withdrawal,94.35,5703,29.88,0,1533.54,7206.66
KSKGOCIQU8281,3985-HOYPM,1,Q4,No,0,26,None,Yes,6.38,No,No,None,0,No,No,No,No,No,No,No,No,One Year,No,Credit Card,19.4,525.55,4.25,0,165.88,687.18
PWGDQYTMY1489,9548-LERKT,1,Q4,Yes,4,24,None,Yes,27.38,No,No,None,0,No,No,No,No,No,No,No,No,Two Year,No,Credit Card,19.75,483.15,16.56,0,657.12,1123.71
VZIMTFZWT1554,6576-FBXOJ,1,Q4,Yes,5,17,Offer D,No,0,No,Yes,DSL,27,No,No,Yes,Yes,Yes,Yes,Yes,Yes,One Year,No,Bank Withdrawal,54.6,934.8,47.73,0,0,887.07
XOVIXANSL4972,4310-KEDTB,1,Q4,No,0,26,None,No,0,No,Yes,DSL,27,No,No,Yes,No,No,No,No,Yes,Month-to-Month,Yes,Credit Card,29.8,786.5,10.28,0,0,776.22
WRXIFUBBD7715,4062-HBMOS,1,Q4,No,0,52,Offer B,Yes,5.42,Yes,Yes,Fiber Optic,22,No,Yes,Yes,No,Yes,Yes,Yes,Yes,Month-to-Month,Yes,Bank Withdrawal,103.05,5364.8,46.67,0,281.84,5599.97
OCCAIGQZX6793,2676-ISHSF,1,Q4,No,0,1,None,Yes,29.19,No,No,None,0,No,No,No,No,No,No,No,No,Month-to-Month,No,Credit Card,20.3,20.3,0,0,29.19,49.49
SEDFYZKNS2216,9236-NDUCW,1,Q4,No,0,21,Offer D,No,0,No,Yes,DSL,4,Yes,No,No,Yes,No,No,No,Yes,Two Year,No,Credit Card,35.1,770.4,0,0,0,770.4
CFQPNULVN1577,4753-PADAS,1,Q4,Yes,2,67,Offer A,Yes,25.46,Yes,Yes,Fiber Optic,73,No,Yes,Yes,No,Yes,Yes,Yes,Yes,One Year,Yes,Bank Withdrawal,105.7,6816.95,0,0,1705.82,8522.77
FVKFELWHP2817,6103-QCKFX,1,Q4,Yes,10,44,Offer B,Yes,43.7,No,Yes,DSL,75,Yes,No,No,Yes,No,No,No,No,Month-to-Month,No,Bank Withdrawal,56.25,2419.55,14.78,40,1922.8,4367.57
PPSOVXAUV7833,7781-EWARA,1,Q4,Yes,1,70,Offer A,No,0,No,Yes,Cable,47,No,Yes,Yes,Yes,Yes,Yes,Yes,Yes,One Year,No,Bank Withdrawal,60.35,4138.7,49.23,0,0,4089.47
XQMMGSVZN6556,7018-FPXHH,1,Q4,Yes,1,56,Offer B,Yes,22.74,No,Yes,DSL,13,Yes,Yes,Yes,No,No,No,No,Yes,Two Year,Yes,Bank Withdrawal,59.8,3457.45,35.01,0,1273.44,4695.88
GIEEAZQSW9766,0572-ZJKLT,1,Q4,Yes,10,46,Offer B,Yes,49.26,Yes,Yes,Fiber Optic,18,Yes,No,Yes,Yes,No,Yes,Yes,Yes,Two Year,No,Credit Card,99.65,4630.2,9.35,0,2265.96,6886.81
RTKIFNWYW6929,5135-RDDQL,1,Q4,Yes,6,63,Offer B,Yes,25.32,No,Yes,DSL,11,Yes,No,No,No,No,No,No,Yes,Two Year,Yes,Bank Withdrawal,50.65,3221.25,37.04,0,1595.16,4779.37
VDNCMMOBN5997,1353-LJWEM,1,Q4,No,0,11,Offer D,Yes,28.76,No,Yes,DSL,27,No,Yes,Yes,Yes,No,No,No,Yes,Month-to-Month,Yes,Bank Withdrawal,60.9,688.5,49.24,0,316.36,955.62
IVQRILUSD7786,1794-SWWKL,1,Q4,Yes,6,15,Offer D,Yes,24.36,Yes,Yes,DSL,59,No,No,Yes,Yes,No,No,No,Yes,Month-to-Month,Yes,Bank Withdrawal,59.65,867.1,32.65,0,365.4,1199.85
QRLBLYEHI3328,6166-YIPFO,1,Q4,Yes,8,72,Offer A,No,0,No,Yes,DSL,12,Yes,Yes,Yes,Yes,Yes,Yes,Yes,No,Two Year,Yes,Bank Withdrawal,64.7,4746.05,0,140,0,4886.05
PHNXHBNPE5615,9332-GYWLO,1,Q4,Yes,3,6,None,Yes,30.17,No,Yes,DSL,48,No,No,No,No,Yes,No,No,Yes,Month-to-Month,No,Bank Withdrawal,54.85,355.1,39.15,0,181.02,496.97
RJKUDXZPN4974,4184-VODJZ,1,Q4,Yes,4,63,Offer B,Yes,48.62,Yes,Yes,Fiber Optic,28,No,Yes,No,No,No,Yes,Yes,Yes,One Year,Yes,Bank Withdrawal,91.35,5764.7,18.78,0,3063.06,8808.98
ZIEXBSLDN4652,1092-WPIVQ,1,Q4,Yes,2,18,Offer D,Yes,39.56,Yes,No,None,0,No,No,No,No,No,No,No,No,Two Year,No,Credit Card,25.1,428.45,14.57,0,712.08,1125.96
NFDUKCUGV2449,7233-IOQNP,1,Q4,Yes,9,43,Offer B,No,0,No,Yes,Cable,21,Yes,No,No,Yes,No,No,No,Yes,Month-to-Month,No,Bank Withdrawal,34,1505.35,49.22,0,0,1456.13
GLGQMHSMF3122,2834-JKOOW,1,Q4,No,0,15,Offer D,No,0,No,Yes,DSL,25,Yes,Yes,Yes,Yes,No,No,No,Yes,One Year,No,Credit Card,45.9,693.45,16.27,0,0,677.18
YUNQNUVEL7332,2400-FEQME,1,Q4,Yes,1,55,Offer B,Yes,40.94,No,No,None,0,No,No,No,No,No,No,No,No,Two Year,No,Credit Card,20.5,1177.95,5.83,0,2251.7,3423.82
IZNZWXUKT9163,4957-SREEC,1,Q4,Yes,2,70,Offer A,Yes,31.78,No,No,None,0,No,No,No,No,No,No,No,No,Two Year,No,Credit Card,20.35,1458.1,35.44,0,2224.6,3647.26
FOQJISTWH4827,4923-ADWXJ,1,Q4,No,0,25,None,Yes,1.22,No,Yes,DSL,10,No,Yes,No,Yes,No,Yes,Yes,Yes,Month-to-Month,Yes,Bank Withdrawal,65.8,1679.65,29.29,0,30.5,1680.86
SYIINSGFV4686,3439-GVUSX,1,Q4,No,0,1,None,No,0,No,Yes,DSL,29,No,No,No,No,No,No,No,Yes,Month-to-Month,No,Credit Card,24.4,24.4,0,0,0,24.4
WLEXRQJOT9598,5949-HGVJL,1,Q4,Yes,7,26,None,Yes,23.31,No,Yes,DSL,20,No,Yes,No,Yes,Yes,Yes,Yes,No,Month-to-Month,Yes,Bank Withdrawal,73.05,1959.5,47.59,50,606.06,2567.97
OWHHBPYJC1291,5203-XEHAX,1,Q4,No,0,34,None,Yes,45.56,No,Yes,DSL,7,Yes,Yes,No,No,No,Yes,Yes,Yes,One Year,No,Bank Withdrawal,64.35,2053.05,46.39,0,1549.04,3555.7
CNAQCGMTM1997,1635-HDGFT,1,Q4,No,0,19,Offer D,Yes,35.45,No,No,None,0,No,No,No,No,No,No,No,No,Two Year,No,Credit Card,20.5,398.55,24.07,0,673.55,1048.03
IQFDPROFN3622,8050-XGRVL,1,Q4,Yes,5,62,Offer B,Yes,32.92,No,Yes,DSL,71,Yes,No,Yes,No,No,No,No,Yes,One Year,No,Credit Card,54.75,3425.35,8.5,0,2041.04,5457.89
AFVDJIYTE2927,9828-QHFBK,1,Q4,No,0,24,None,Yes,33.97,No,Yes,DSL,22,Yes,No,No,No,No,No,No,Yes,Month-to-Month,Yes,Bank Withdrawal,51.15,1275.7,0,0,815.28,2090.98
IGGDIEJCV6972,5012-YSPJJ,1,Q4,Yes,6,31,None,Yes,25.04,No,Yes,DSL,71,No,No,Yes,Yes,No,No,No,Yes,Month-to-Month,No,Credit Card,54.35,1647,0,0,776.24,2423.24
MCCYNBYYR7111,6728-VOIFY,1,Q4,Yes,5,63,Offer B,Yes,20.51,No,Yes,Fiber Optic,51,No,Yes,No,No,Yes,Yes,Yes,No,One Year,Yes,Bank Withdrawal,96,6109.75,0,30,1292.13,7431.88
NUFDUXJPU5245,4891-NLUBA,1,Q4,Yes,8,61,Offer B,No,0,No,Yes,DSL,26,No,Yes,Yes,Yes,Yes,Yes,Yes,Yes,Two Year,Yes,Bank Withdrawal,61.45,3751.15,0,0,0,3751.15
VRGQDLJGI8391,8969-PRHFK,1,Q4,No,0,18,Offer D,Yes,1.42,No,No,None,0,No,No,No,No,No,No,No,No,One Year,No,Credit Card,19.65,411.25,0,0,25.56,436.81
IOQBOPAAX4154,0661-KQHNK,1,Q4,No,0,6,None,Yes,30.01,No,No,None,0,No,No,No,No,No,No,No,No,One Year,No,Credit Card,19,105.5,0,0,180.06,285.56
FUCFRMLVO6693,8709-KRDVL,1,Q4,No,0,33,None,Yes,16.57,Yes,Yes,Fiber Optic,30,No,Yes,No,No,Yes,Yes,Yes,Yes,Month-to-Month,Yes,Bank Withdrawal,100,3320.6,0,0,546.81,3867.41
MRAVCHGQO9326,1427-VERSM,1,Q4,Yes,3,56,Offer B,Yes,7,No,Yes,Fiber Optic,18,No,No,Yes,Yes,Yes,Yes,Yes,Yes,Month-to-Month,Yes,Bank Withdrawal,98.7,5669.5,0,0,392,6061.5
HUVZGIEFS1333,9801-NOSHQ,1,Q4,No,0,23,Offer D,Yes,1.2,No,No,None,0,No,No,No,No,No,No,No,No,One Year,No,Credit Card,19.8,465.45,0,0,27.6,493.05
WNPBLEDML4688,6339-YPSAH,1,Q4,No,0,9,None,Yes,1.85,No,Yes,Fiber Optic,22,No,No,Yes,No,No,No,No,No,Month-to-Month,Yes,Bank Withdrawal,73.8,704.3,0,50,16.65,770.95
TJFMLUIWR3224,2159-TURXX,1,Q4,No,0,5,None,Yes,22.16,No,No,None,0,No,No,No,No,No,No,No,No,Month-to-Month,No,Credit Card,20.05,95.55,0,0,110.8,206.35
INLZMLHBP1414,1548-FEHVL,1,Q4,Yes,6,61,None,Yes,27.66,Yes,Yes,Fiber Optic,29,Yes,Yes,No,No,Yes,Yes,Yes,Yes,Month-to-Month,Yes,Bank Withdrawal,106.2,6375.2,0,0,1687.26,8062.46
GTHQDLZFD5767,3795-CAWEX,1,Q4,Yes,5,70,Offer A,Yes,40.77,Yes,Yes,Fiber Optic,71,Yes,Yes,Yes,Yes,Yes,Yes,Yes,Yes,Two Year,Yes,Credit Card,116.55,8152.3,0,0,2853.9,11006.2
ERQHSPLUK2163,6215-NQCPY,1,Q4,No,0,15,Offer D,Yes,10.12,Yes,Yes,Fiber Optic,15,Yes,No,No,No,Yes,Yes,Yes,Yes,Month-to-Month,Yes,Bank Withdrawal,99.7,1566.75,0,0,151.8,1718.55
WKDRMGDMD1999,5647-URDKA,1,Q4,Yes,8,8,None,Yes,11.57,No,No,None,0,No,No,No,No,No,No,No,No,Two Year,No,Credit Card,19.7,130.25,0,0,92.56,222.81
XMQCNNDPD4678,2229-DPMBI,1,Q4,Yes,10,8,None,Yes,13.21,No,No,None,0,No,No,No,No,No,No,No,No,Two Year,No,Credit Card,19.5,162.15,0,0,105.68,267.83
OJAWSISRE5811,9626-WEQRM,1,Q4,No,0,4,None,No,0,No,Yes,DSL,2,Yes,No,No,No,No,No,No,No,Month-to-Month,Yes,Credit Card,29.15,110.05,0,10,0,120.05
THYFSKHXZ3588,2188-SXWVT,1,Q4,No,0,34,Offer C,Yes,43.17,No,Yes,DSL,8,Yes,Yes,No,No,No,No,No,Yes,One Year,No,Credit Card,55,1885.15,0,0,1467.78,3352.93
QBEDCKKOT2758,6258-PVZWJ,1,Q4,Yes,1,68,Offer A,Yes,11.83,Yes,Yes,DSL,21,Yes,Yes,Yes,Yes,Yes,Yes,Yes,Yes,Two Year,Yes,Credit Card,90.8,6302.85,0,0,804.44,7107.29
JNKNOWPGA7439,1094-BKOSX,1,Q4,Yes,10,45,None,No,0,No,Yes,Cable,19,No,Yes,Yes,Yes,No,Yes,Yes,Yes,One Year,No,Bank Withdrawal,51,2264.5,0,0,0,2264.5
ORFJYEZUF8239,2978-XXSOG,1,Q4,No,0,22,Offer D,Yes,32.75,Yes,Yes,DSL,24,Yes,No,No,Yes,No,No,No,Yes,Month-to-Month,Yes,Credit Card,59.05,1253.5,0,0,720.5,1974
FXGMBKBXI5895,2342-CKIAO,1,Q4,No,0,2,None,Yes,12.68,No,No,None,0,No,No,No,No,No,No,No,No,Month-to-Month,No,Credit Card,20.3,41.2,0,0,25.36,66.56
BHOICSCXO1688,6953-PBDIN,1,Q4,Yes,4,70,Offer A,Yes,38.58,Yes,Yes,DSL,25,No,Yes,Yes,Yes,Yes,No,No,No,Two Year,No,Bank Withdrawal,72.95,5265.55,0,60,2700.6,8026.15
VJVZDSPEU6733,3898-BSJYF,1,Q4,No,0,10,Offer D,Yes,14.24,Yes,Yes,Cable,26,Yes,No,Yes,Yes,No,Yes,Yes,Yes,One Year,No,Credit Card,73.55,693.3,0,0,142.4,835.7
ODOKGETLQ2635,3938-YFPXD,1,Q4,No,0,72,Offer A,Yes,29.03,Yes,Yes,DSL,27,Yes,No,Yes,Yes,Yes,Yes,Yes,Yes,Two Year,No,Credit Card,84.3,5997.1,0,0,2090.16,8087.26
JJCUKXLVG6231,7696-AMHOD,1,Q4,Yes,10,49,None,Yes,9.07,No,Yes,DSL,82,No,Yes,Yes,No,Yes,Yes,Yes,Yes,One Year,No,Credit Card,78,3824.2,0,0,444.43,4268.63
EYCTSUFST7378,9558-IHEZX,1,Q4,No,0,71,Offer A,Yes,2.93,Yes,Yes,Fiber Optic,10,Yes,Yes,Yes,No,Yes,Yes,Yes,Yes,Two Year,Yes,Credit Card,106.75,7283.25,0,0,208.03,7491.28
MVAWAQFXZ5957,9617-UDPEU,1,Q4,No,0,22,None,Yes,35.4,No,No,None,0,No,No,No,No,No,No,No,No,One Year,Yes,Credit Card,19.25,412.55,0,0,778.8,1191.35
MHFPSWTWQ1112,6340-DACFT,1,Q4,Yes,10,50,None,Yes,10.13,No,No,None,0,No,No,No,No,No,No,No,No,Two Year,No,Credit Card,20.55,1070.25,0,0,506.5,1576.75
DKCOXKSAM4389,4955-VCWBI,1,Q4,Yes,5,43,None,Yes,35.2,No,No,None,0,No,No,No,No,No,No,No,No,One Year,No,Credit Card,20,817.95,0,0,1513.6,2331.55
HXVQYWECV9271,6813-GZQCG,1,Q4,Yes,5,45,None,Yes,37.57,Yes,No,None,0,No,No,No,No,No,No,No,No,Two Year,Yes,Credit Card,24.65,1171.3,0,0,1690.65,2861.95
VUHSJDKKM7286,3389-KTRXV,1,Q4,No,0,23,None,Yes,7.11,Yes,No,None,0,No,No,No,No,No,No,No,No,Two Year,No,Credit Card,23.85,625.65,0,0,163.53,789.18
DAWIJCVHT3261,3118-UHVVQ,1,Q4,Yes,8,68,Offer A,Yes,17.12,Yes,No,None,0,No,No,No,No,No,No,No,No,Two Year,No,Credit Card,25.8,1911.5,0,0,1164.16,3075.66
OPLBJIEEI5183,3205-MXZRA,1,Q4,No,0,26,Offer C,Yes,3.26,No,Yes,DSL,6,No,No,No,Yes,Yes,No,No,Yes,One Year,No,Credit Card,59.45,1507,0,0,84.76,1591.76
ALXMFALNG9967,8317-BVKSO,1,Q4,No,0,14,None,Yes,9.19,No,No,None,0,No,No,No,No,No,No,No,No,Month-to-Month,Yes,Bank Withdrawal,20.05,299.3,0,0,128.66,427.96
XNCYLYVTE2919,5702-KVQRD,1,Q4,Yes,2,71,Offer A,Yes,28.21,No,Yes,DSL,19,Yes,No,Yes,Yes,Yes,Yes,Yes,Yes,Two Year,Yes,Bank Withdrawal,82.55,5832.65,0,0,2002.91,7835.56
URZWSHYAT6874,0083-PIVIK,1,Q4,No,0,64,None,Yes,5.49,Yes,Yes,DSL,69,Yes,Yes,Yes,Yes,Yes,No,No,No,One Year,No,Bank Withdrawal,81.25,5567.55,0,40,351.36,5958.91
ZIPTIHCQQ5254,6169-PGNCD,1,Q4,No,0,57,None,Yes,6.45,No,Yes,DSL,3,Yes,Yes,Yes,Yes,Yes,No,No,Yes,Two Year,Yes,Credit Card,74.3,4166.35,0,0,367.65,4534
AQXYCRHVD9298,4657-FWVFY,1,Q4,Yes,4,40,None,Yes,29.42,Yes,Yes,Fiber Optic,23,No,Yes,Yes,No,Yes,No,No,Yes,Month-to-Month,Yes,Credit Card,96.35,3915.4,0,0,1176.8,5092.2
YAYIQICNE2793,2257-BOVXD,1,Q4,Yes,3,14,None,Yes,22.14,Yes,Yes,DSL,11,No,No,No,Yes,Yes,No,No,Yes,Month-to-Month,Yes,Credit Card,66.6,979.5,0,0,309.96,1289.46
YNOAKQNCX9595,7729-JTEEC,1,Q4,Yes,2,2,None,Yes,30.87,No,Yes,DSL,19,No,No,No,No,No,No,No,Yes,Month-to-Month,Yes,Bank Withdrawal,44.5,90.05,0,0,61.74,151.79
FQEEKYJMJ8927,9696-RMYBA,1,Q4,No,0,5,None,Yes,12.35,No,Yes,Fiber Optic,13,No,No,No,No,Yes,No,No,Yes,Month-to-Month,Yes,Credit Card,80.1,398.55,0,0,61.75,460.3
MGLZMIHOW6388,8690-UPCZI,1,Q4,Yes,5,29,Offer C,Yes,36.7,Yes,Yes,DSL,69,Yes,No,No,Yes,Yes,No,No,No,One Year,No,Bank Withdrawal,69.05,1958.45,0,40,1064.3,3062.75
TYFZMKNYP3322,9770-LXDBK,1,Q4,No,0,3,Offer E,Yes,14.79,No,No,None,0,No,No,No,No,No,No,No,No,Month-to-Month,No,Credit Card,20.4,63.15,0,0,44.37,107.52
OXWKQFAAY2999,4086-WITJG,1,Q4,Yes,8,71,Offer A,Yes,14.86,No,No,None,0,No,No,No,No,No,No,No,No,Two Year,No,Credit Card,19.7,1301.1,0,0,1055.06,2356.16
QQOTYHUAZ8449,8344-WFMFH,1,Q4,No,0,9,Offer E,Yes,27.64,No,Yes,Cable,29,No,Yes,No,No,No,No,No,Yes,Month-to-Month,Yes,Bank Withdrawal,50.1,484.05,0,0,248.76,732.81
YTBGINKCG7856,8822-KNBHV,1,Q4,No,0,48,None,Yes,45.51,Yes,Yes,DSL,27,Yes,Yes,Yes,No,Yes,Yes,Yes,Yes,One Year,Yes,Credit Card,83.45,3887.85,0,0,2184.48,6072.33
UWVCETFTX4822,8404-FYDIB,1,Q4,No,0,26,Offer C,Yes,49.87,Yes,Yes,Fiber Optic,48,Yes,Yes,No,No,No,No,No,Yes,Month-to-Month,Yes,Credit Card,86.65,2208.75,0,0,1296.62,3505.37
NEQFTCJAK3949,2791-SFVEW,1,Q4,No,0,9,Offer E,Yes,34.79,No,No,None,0,No,No,No,No,No,No,No,No,Month-to-Month,No,Bank Withdrawal,20.15,238.15,0,0,313.11,551.26
NPBXEARHK4414,6762-NSODU,1,Q4,Yes,9,46,None,Yes,12.68,No,No,None,0,No,No,No,No,No,No,No,No,Two Year,No,Credit Card,19.4,958.15,0,0,583.28,1541.43
QJEAUAVQX1431,9888-ZCUMM,1,Q4,Yes,3,64,None,No,0,No,Yes,DSL,19,Yes,No,Yes,Yes,Yes,Yes,Yes,Yes,Two Year,Yes,Bank Withdrawal,60.05,3845.45,0,0,0,3845.45
DPVRBCETL7145,1074-WVEVG,1,Q4,Yes,6,59,None,Yes,31.43,No,No,None,0,No,No,No,No,No,No,No,No,One Year,No,Credit Card,20.35,1267,0,0,1854.37,3121.37
FISTTIOMZ4566,9979-RGMZT,1,Q4,No,0,7,Offer E,Yes,36.49,No,Yes,Fiber Optic,42,No,Yes,No,No,Yes,Yes,Yes,Yes,One Year,Yes,Credit Card,94.05,633.45,0,0,255.43,888.88
HNRPQVPBE6874,2108-GLPQB,1,Q4,Yes,7,25,Offer C,Yes,11.6,Yes,Yes,DSL,10,No,No,Yes,No,No,No,No,Yes,Month-to-Month,No,Credit Card,55.55,1405.3,0,0,290,1695.3
FZBWNZXRU2617,5474-LAMUQ,1,Q4,Yes,9,24,Offer C,Yes,35.8,No,No,None,0,No,No,No,No,No,No,No,No,One Year,No,Credit Card,20.1,533.9,0,0,859.2,1393.1
CLUKAWSLD5812,3468-DRVQJ,1,Q4,Yes,5,10,None,Yes,26.37,Yes,Yes,Cable,26,Yes,Yes,No,No,Yes,No,No,Yes,One Year,No,Bank Withdrawal,70.3,676.15,0,0,263.7,939.85
CUANPZTTQ7784,1122-YJBCS,1,Q4,Yes,7,69,Offer A,Yes,14.18,No,Yes,DSL,16,Yes,Yes,No,No,No,No,No,Yes,One Year,Yes,Credit Card,53.65,3804.4,0,0,978.42,4782.82
LHQVEICRW9465,4990-ALDGW,1,Q4,No,0,57,None,Yes,38.73,No,No,None,0,No,No,No,No,No,No,No,No,Two Year,No,Credit Card,20.75,1118.8,0,0,2207.61,3326.41
KWDBWKPHG4613,4816-OKWNX,1,Q4,Yes,2,50,None,Yes,36.21,No,Yes,Fiber Optic,22,No,Yes,Yes,Yes,Yes,Yes,Yes,Yes,One Year,Yes,Bank Withdrawal,103.4,5236.4,0,0,1810.5,7046.9
MOLSYIUSW9778,3315-IKYZQ,1,Q4,Yes,2,28,Offer C,No,0,No,Yes,DSL,19,Yes,No,Yes,Yes,Yes,No,No,Yes,One Year,No,Credit Card,50.8,1386.8,0,0,0,1386.8
OOQQWXXSP2189,4747-LCAQL,1,Q4,No,0,25,Offer C,Yes,7.55,No,Yes,DSL,71,Yes,Yes,No,Yes,Yes,Yes,Yes,Yes,Month-to-Month,Yes,Credit Card,79,1902,0,0,188.75,2090.75
ZFFSNTTDQ5572,0898-XCGTF,1,Q4,Yes,1,61,None,Yes,21.96,Yes,Yes,Fiber Optic,2,No,No,No,No,Yes,Yes,Yes,Yes,One Year,Yes,Bank Withdrawal,96.5,5673.7,0,0,1339.56,7013.26
KIKTBPAKX4659,8006-PYCSW,1,Q4,No,0,2,None,Yes,35.5,No,No,None,0,No,No,No,No,No,No,No,No,Month-to-Month,No,Credit Card,20.1,39.8,0,0,71,110.8
FZBNFGOPT9727,8249-THVEC,1,Q4,Yes,3,51,None,Yes,37.63,No,No,None,0,No,No,No,No,No,No,No,No,One Year,No,Credit Card,19.4,997.75,0,0,1919.13,2916.88
CDRVVPPOJ6121,8722-PRFDV,1,Q4,Yes,10,71,Offer A,Yes,48.76,No,Yes,Cable,71,Yes,No,Yes,No,Yes,Yes,Yes,Yes,Two Year,No,Credit Card,77.55,5574.35,0,0,3461.96,9036.31
JULNRAUGN9759,2164-SOQXL,1,Q4,Yes,10,20,None,Yes,14.79,No,No,None,0,No,No,No,No,No,No,No,No,Month-to-Month,No,Credit Card,20.05,406.05,0,0,295.8,701.85
BQAHZXFIA4364,4020-KIUDI,1,Q4,Yes,8,6,Offer E,Yes,23.73,No,No,None,0,No,No,No,No,No,No,No,No,Month-to-Month,No,Credit Card,19.85,138.85,0,0,142.38,281.23
MYBXWKLLQ9798,5850-BDWCY,1,Q4,No,0,6,Offer E,Yes,43.18,No,No,None,0,No,No,No,No,No,No,No,No,Month-to-Month,No,Credit Card,20.2,123.65,0,0,259.08,382.73
NQNNGQUXG8773,2038-YSEZE,1,Q4,No,0,29,Offer C,Yes,13.74,Yes,Yes,DSL,2,Yes,Yes,No,Yes,No,No,No,Yes,Month-to-Month,No,Credit Card,67.45,1801.1,0,0,398.46,2199.56
EGQBSUINA9935,0827-ITJPH,1,Q4,No,0,36,Offer C,Yes,8.5,No,No,None,0,No,No,No,No,No,No,No,No,Two Year,Yes,Credit Card,18.55,689,0,0,306,995
KFONHVXWG6864,8799-OXZMD,1,Q4,No,0,28,Offer C,No,0,No,Yes,DSL,14,No,No,Yes,No,No,No,No,Yes,Month-to-Month,Yes,Credit Card,29.75,790.7,0,0,0,790.7
MEAEIROUN1317,1705-GUHPV,1,Q4,No,0,63,Offer B,Yes,26.74,Yes,No,None,0,No,No,No,No,No,No,No,No,Two Year,No,Credit Card,24.2,1618.2,0,0,1684.62,3302.82
RSKRQZUCM8639,4779-ZGICK,1,Q4,No,0,48,Offer B,Yes,11.86,Yes,No,None,0,No,No,No,No,No,No,No,No,Two Year,No,Credit Card,23.55,1173.35,0,0,569.28,1742.63
DPTPPNRJW4416,0048-PIHNL,1,Q4,Yes,5,49,Offer B,Yes,49.58,No,No,None,0,No,No,No,No,No,No,No,No,One Year,No,Bank Withdrawal,20.45,900.9,0,0,2429.42,3330.32
RFVGMHTBD7397,3967-KXAPS,1,Q4,Yes,5,72,Offer A,Yes,13.59,Yes,Yes,DSL,5,Yes,Yes,Yes,Yes,Yes,Yes,Yes,No,Two Year,No,Credit Card,92.3,6719.9,0,0,978.48,7698.38
TICNXCEIK2839,3704-IEAXF,1,Q4,Yes,9,72,None,No,0,No,Yes,DSL,53,No,Yes,No,Yes,Yes,Yes,Yes,Yes,Two Year,No,Credit Card,53.65,3784,0,0,0,3784
NAWLJBHCH3151,6810-VCAEX,1,Q4,No,0,47,Offer B,No,0,No,Yes,DSL,3,Yes,Yes,No,Yes,No,No,No,Yes,One Year,No,Credit Card,39.65,1798.65,0,0,0,1798.65
PQRXYBQTV8915,0674-EYYZV,1,Q4,No,0,1,None,Yes,36.33,No,Yes,DSL,4,No,No,No,No,Yes,No,No,Yes,Month-to-Month,Yes,Bank Withdrawal,54.65,54.65,0,0,36.33,90.98
YEBPJPELM9932,4480-MBMLB,1,Q4,No,0,36,Offer C,Yes,28.41,Yes,Yes,Fiber Optic,4,No,Yes,Yes,No,Yes,Yes,Yes,Yes,One Year,Yes,Bank Withdrawal,104.8,3886.45,0,0,1022.76,4909.21
BMVIXYSXZ2738,1395-OFUWC,1,Q4,Yes,5,43,Offer B,No,0,No,Yes,Cable,53,No,Yes,No,No,No,No,No,Yes,Month-to-Month,No,Credit Card,29.3,1224.05,0,0,0,1224.05
TSISXKJLE1639,2832-KJCRD,1,Q4,No,0,38,Offer C,Yes,23.95,Yes,Yes,Fiber Optic,27,No,No,Yes,Yes,Yes,Yes,Yes,No,Month-to-Month,Yes,Bank Withdrawal,103.65,3988.5,0,140,910.1,5038.6
QQBZZTQPW5451,4075-WKNIU,1,Q4,Yes,6,10,Offer E,Yes,5.59,Yes,Yes,DSL,59,No,Yes,Yes,Yes,Yes,No,No,Yes,Two Year,No,Credit Card,73.35,733.5,0,0,55.9,789.4
IEQJPWONE5975,5090-EMGTC,1,Q4,Yes,10,59,Offer B,Yes,45.75,No,Yes,Fiber Optic,11,No,Yes,No,Yes,Yes,Yes,Yes,Yes,Two Year,Yes,Credit Card,100.05,6034.85,0,0,2699.25,8734.1
VFHRNOGMB5494,2346-CZYIL,1,Q4,No,0,27,Offer C,Yes,39.77,No,No,None,0,No,No,No,No,No,No,No,No,Two Year,No,Credit Card,20.35,531.6,0,0,1073.79,1605.39
WIVDURNZE7984,6258-NGCNG,1,Q4,No,0,7,Offer E,Yes,1.41,Yes,No,None,0,No,No,No,No,No,No,No,No,Month-to-Month,No,Credit Card,23.5,173,0,0,9.87,182.87
GQPZOUTVV8266,4186-ZBUEW,1,Q4,No,0,36,Offer C,Yes,29.27,Yes,Yes,DSL,9,No,Yes,No,Yes,No,Yes,Yes,No,One Year,Yes,Credit Card,70.7,2511.95,0,60,1053.72,3625.67
FSYUJVKRL7348,5274-XHAKY,1,Q4,Yes,10,41,Offer B,Yes,1.6,Yes,Yes,Fiber Optic,59,Yes,Yes,No,No,Yes,No,No,Yes,Month-to-Month,Yes,Bank Withdrawal,94.3,3893.6,0,0,65.6,3959.2
QDSQWPABB9479,1442-BQPVU,1,Q4,No,0,13,None,No,0,No,Yes,DSL,28,No,Yes,No,No,No,No,No,Yes,Month-to-Month,No,Bank Withdrawal,29.15,357.15,0,0,0,357.15
AQNXJWILV9114,3978-YNKDD,1,Q4,No,0,19,None,Yes,36.16,No,No,None,0,No,No,No,No,No,No,No,No,Two Year,No,Credit Card,20.85,467.5,0,0,687.04,1154.54
ZMCJIDMSV8723,4940-KHCWD,1,Q4,Yes,1,60,Offer B,No,0,No,Yes,Cable,2,Yes,Yes,No,Yes,No,No,No,Yes,Two Year,No,Bank Withdrawal,37.7,2288.7,0,0,0,2288.7
JNTHTOPAV2175,9589-ABEPT,1,Q4,Yes,9,69,None,Yes,3.08,Yes,Yes,Fiber Optic,20,No,Yes,No,Yes,Yes,No,No,Yes,Two Year,Yes,Credit Card,92.45,6460.55,0,0,212.52,6673.07
OWLAAQAQN7294,9388-ZEYVT,1,Q4,No,0,43,Offer B,No,0,No,Yes,DSL,11,No,No,Yes,Yes,No,Yes,Yes,Yes,One Year,No,Bank Withdrawal,44.15,1931.3,0,0,0,1931.3
ZIZWITFGU6632,0305-SQECB,1,Q4,No,0,11,None,No,0,No,Yes,DSL,17,Yes,No,No,Yes,No,No,No,No,One Year,Yes,Credit Card,36.05,402.6,0,100,0,502.6
JRGQJPWUI3451,7605-SNLQG,1,Q4,Yes,6,45,Offer B,Yes,6.49,No,Yes,DSL,22,No,No,Yes,No,No,No,No,Yes,Month-to-Month,Yes,Credit Card,50.25,2221.55,0,0,292.05,2513.6
JBCWGAMZE4861,4670-TABXH,1,Q4,Yes,6,72,None,Yes,22.95,Yes,Yes,Fiber Optic,17,No,Yes,Yes,Yes,Yes,Yes,Yes,Yes,Two Year,Yes,Credit Card,109.75,7758.9,0,0,1652.4,9411.3
NESMWQYTD4445,0064-SUDOG,1,Q4,Yes,3,12,None,Yes,19.28,No,No,None,0,No,No,No,No,No,No,No,No,Two Year,No,Bank Withdrawal,20.3,224.5,0,0,231.36,455.86
AYXLFYAGX8166,8561-NMTBD,1,Q4,Yes,3,67,None,Yes,20.41,Yes,Yes,Fiber Optic,52,No,Yes,Yes,Yes,Yes,Yes,Yes,Yes,One Year,Yes,Credit Card,112.35,7388.45,0,0,1367.47,8755.92
FNGBHAHDR2754,5161-XEUVX,1,Q4,Yes,8,37,Offer C,Yes,13.13,Yes,Yes,Fiber Optic,58,No,No,Yes,Yes,Yes,No,No,Yes,Two Year,No,Credit Card,94.3,3460.95,0,0,485.81,3946.76
ZDMCMBLHY6599,8292-FRFZQ,1,Q4,No,0,39,Offer C,No,0,No,Yes,DSL,73,Yes,Yes,No,Yes,No,No,No,Yes,One Year,No,Bank Withdrawal,41.15,1700.9,0,0,0,1700.9
FWLXTBUBE8379,8591-NXRCV,1,Q4,No,0,41,Offer B,Yes,31.08,Yes,Yes,DSL,12,Yes,No,Yes,Yes,No,Yes,Yes,No,Month-to-Month,Yes,Bank Withdrawal,74.65,3090.65,0,100,1274.28,4464.93
XECFJRKKO8489,7895-VONWT,1,Q4,No,0,25,Offer C,No,0,No,Yes,Cable,59,No,No,Yes,No,Yes,Yes,Yes,Yes,Month-to-Month,Yes,Bank Withdrawal,48.25,1293.8,0,0,0,1293.8
FROGFTOJI3476,4526-RMTLL,1,Q4,No,0,8,Offer E,Yes,37.28,Yes,Yes,DSL,14,Yes,Yes,No,Yes,No,Yes,Yes,Yes,Two Year,Yes,Credit Card,76.15,645.8,0,0,298.24,944.04
QOYYGSUSB5286,6253-GNHWH,1,Q4,Yes,9,71,None,Yes,45.81,Yes,Yes,DSL,52,Yes,Yes,Yes,Yes,No,No,No,Yes,Two Year,No,Credit Card,71.1,5224.95,0,0,3252.51,8477.46
JAIYJWCFZ4298,4566-NECEV,1,Q4,No,0,5,None,Yes,39.13,Yes,Yes,Fiber Optic,20,No,Yes,Yes,No,No,Yes,Yes,Yes,Month-to-Month,No,Bank Withdrawal,96.55,500.1,0,0,195.65,695.75
KEJYDRKCB9232,8080-POTJR,1,Q4,No,0,30,Offer C,Yes,6.74,Yes,Yes,DSL,18,Yes,No,Yes,No,Yes,Yes,Yes,Yes,One Year,Yes,Credit Card,79.3,2427.1,0,0,202.2,2629.3
ENCGTUEHQ9922,6906-MPARY,1,Q4,No,0,40,Offer B,Yes,32.27,No,Yes,Fiber Optic,69,No,Yes,No,Yes,No,Yes,Yes,Yes,One Year,Yes,Credit Card,89.6,3488.15,0,0,1290.8,4778.95
LABYOLKXC6518,3662-FXJFO,1,Q4,No,0,54,Offer B,Yes,10.83,No,No,None,0,No,No,No,No,No,No,No,No,Two Year,Yes,Credit Card,20.5,1035.7,0,0,584.82,1620.52
NJGCPMTLM4255,8107-RZLNV,1,Q4,Yes,10,72,None,Yes,15.09,Yes,Yes,Fiber Optic,85,No,Yes,Yes,No,Yes,Yes,Yes,Yes,Two Year,Yes,Bank Withdrawal,106.3,7565.35,0,0,1086.48,8651.83
BTAAVLZXH6567,0516-OOHAR,1,Q4,Yes,8,28,None,Yes,7.73,No,Yes,Fiber Optic,13,No,Yes,Yes,No,Yes,Yes,Yes,Yes,One Year,No,Bank Withdrawal,100.35,2799,0,0,216.44,3015.44
DOQZGDUMK4594,2027-CWDNU,1,Q4,Yes,1,18,None,Yes,28.04,No,Yes,Fiber Optic,28,No,No,No,Yes,No,Yes,Yes,Yes,Month-to-Month,Yes,Bank Withdrawal,85.6,1601.5,0,0,504.72,2106.22
AKNUDIZLB9865,9912-OMZDS,1,Q4,Yes,1,59,Offer B,Yes,35.23,Yes,Yes,Fiber Optic,19,No,Yes,Yes,No,Yes,Yes,Yes,Yes,One Year,Yes,Bank Withdrawal,106.15,6256.2,0,0,2078.57,8334.77
XKOFHGVSU2738,3733-ZEECP,1,Q4,Yes,3,22,None,Yes,27.91,No,Yes,Cable,27,No,No,No,Yes,No,No,No,Yes,Month-to-Month,Yes,Bank Withdrawal,51.1,1232.9,0,0,614.02,1846.92
QLKUPFDQR8646,7878-RTCZG,1,Q4,No,0,1,None,Yes,2.38,No,No,None,0,No,No,No,No,No,No,No,No,Month-to-Month,No,Credit Card,19.9,19.9,0,0,2.38,22.28
IEQUCHDCY5829,7103-IPXPJ,1,Q4,Yes,7,50,Offer B,Yes,26.06,Yes,Yes,Fiber Optic,18,No,No,No,Yes,Yes,Yes,Yes,Yes,One Year,No,Bank Withdrawal,99.4,5059.75,0,0,1303,6362.75
UBQARGKQX6844,4342-HFXWS,1,Q4,Yes,6,48,Offer B,Yes,44.66,No,Yes,DSL,27,Yes,No,Yes,Yes,Yes,No,No,Yes,One Year,No,Bank Withdrawal,69.7,3023.65,0,0,2143.68,5167.33
VQYOAVQUR5946,3545-CNWRG,1,Q4,Yes,7,49,Offer B,Yes,27.38,Yes,Yes,Fiber Optic,57,No,Yes,No,No,Yes,Yes,Yes,Yes,Month-to-Month,Yes,Bank Withdrawal,98.35,4889.2,0,0,1341.62,6230.82
ADHZOCTVU8535,1785-BPHTP,1,Q4,Yes,6,28,None,Yes,3.18,No,Yes,Fiber Optic,12,No,No,Yes,No,Yes,No,No,Yes,Month-to-Month,No,Bank Withdrawal,85.45,2289.9,0,0,89.04,2378.94
KUAEMPQWZ7515,7315-WYOAW,1,Q4,No,0,13,Offer D,Yes,44.43,Yes,Yes,Fiber Optic,41,No,No,No,Yes,Yes,Yes,Yes,No,Month-to-Month,No,Bank Withdrawal,100.75,1313.25,0,120,577.59,2010.84
DAXUCOOLY1227,1173-XZPYF,1,Q4,No,0,11,Offer D,Yes,10.95,Yes,Yes,Fiber Optic,29,No,No,Yes,No,Yes,No,No,Yes,Month-to-Month,Yes,Bank Withdrawal,89.2,990.3,0,0,120.45,1110.75
UBUSRAJBE3959,2509-TFPJU,1,Q4,Yes,1,72,None,Yes,40.04,Yes,No,None,0,No,No,No,No,No,No,No,No,Two Year,No,Credit Card,25.75,1864.2,0,0,2882.88,4747.08
URGXWSTUG2949,9530-GRMJG,1,Q4,Yes,4,70,None,Yes,38.83,Yes,Yes,DSL,24,No,Yes,Yes,Yes,Yes,Yes,Yes,Yes,Two Year,Yes,Bank Withdrawal,84.1,5979.7,0,0,2718.1,8697.8
NMYNPZWZZ2426,6898-RBTLU,1,Q4,Yes,9,49,Offer B,Yes,16.6,Yes,Yes,DSL,14,No,Yes,No,Yes,Yes,Yes,Yes,Yes,Two Year,No,Bank Withdrawal,79.3,3902.45,0,0,813.4,4715.85
AEFURMVTW7389,2068-WWXQZ,1,Q4,No,0,46,Offer B,Yes,30.25,No,No,None,0,No,No,No,No,No,No,No,No,Two Year,No,Bank Withdrawal,20.05,902,0,0,1391.5,2293.5
BXIRFRUOM3626,2061-VVFST,1,Q4,Yes,1,37,None,Yes,45.19,No,No,None,0,No,No,No,No,No,No,No,No,Month-to-Month,No,Bank Withdrawal,19.5,805.2,0,0,1672.03,2477.23
ZAWWATAEO3191,2380-DAMQP,1,Q4,Yes,10,72,None,Yes,40.59,Yes,Yes,Fiber Optic,25,Yes,Yes,Yes,Yes,Yes,Yes,Yes,Yes,Two Year,No,Bank Withdrawal,115.15,8349.7,0,0,2922.48,11272.18
JRKGWYNGE6149,2256-YLYLP,1,Q4,Yes,4,68,None,Yes,34.13,No,Yes,DSL,25,No,No,Yes,Yes,Yes,Yes,Yes,Yes,Two Year,Yes,Bank Withdrawal,72.95,4953.25,0,0,2320.84,7274.09
PAAUTEMCI1273,1272-ILHFG,1,Q4,Yes,1,15,Offer D,Yes,17.28,No,No,None,0,No,No,No,No,No,No,No,No,One Year,No,Credit Card,19.65,332.65,0,0,259.2,591.85
FIJPSYXLL3417,0164-XAIRP,1,Q4,No,0,24,None,Yes,10.64,No,No,None,0,No,No,No,No,No,No,No,No,Two Year,Yes,Bank Withdrawal,19.55,470.2,0,0,255.36,725.56
IKOOQEOLD2249,5666-CYCYZ,1,Q4,No,0,24,None,Yes,18.07,Yes,Yes,Fiber Optic,52,No,No,No,Yes,No,Yes,Yes,Yes,Month-to-Month,Yes,Bank Withdrawal,89.55,2259.35,0,0,433.68,2693.03
EGDOQLIKR6335,4011-ARPHK,1,Q4,No,0,27,None,Yes,18.51,No,Yes,DSL,9,Yes,No,No,No,No,No,No,No,Month-to-Month,No,Credit Card,50.35,1411.35,0,150,499.77,2061.12
JRNLUOYDD7164,6365-HITVU,1,Q4,Yes,5,71,None,Yes,48.08,No,Yes,Cable,51,Yes,Yes,Yes,Yes,Yes,Yes,Yes,Yes,Two Year,No,Credit Card,87.25,6328.7,0,0,3413.68,9742.38
YCNQMNAAF6141,7558-IMLMT,1,Q4,Yes,6,67,None,Yes,8.82,No,No,None,0,No,No,No,No,No,No,No,No,Two Year,Yes,Credit Card,20.8,1411.9,0,0,590.94,2002.84
DGWBJWDEG7248,9488-FYQAU,1,Q4,Yes,8,63,None,Yes,10.67,Yes,Yes,Fiber Optic,23,No,Yes,Yes,Yes,Yes,Yes,Yes,Yes,Two Year,Yes,Bank Withdrawal,109.25,6841.4,0,0,672.21,7513.61
CDSFCALKC3523,3590-TCXTB,1,Q4,No,0,1,None,Yes,31.97,No,No,None,0,No,No,No,No,No,No,No,No,Month-to-Month,No,Credit Card,20.35,20.35,0,0,31.97,52.32
UGXKONZNV6645,6994-KERXL,1,Q4,No,0,4,None,Yes,17.7,No,Yes,DSL,22,No,No,No,No,No,Yes,Yes,Yes,Month-to-Month,Yes,Bank Withdrawal,55.9,238.5,0,0,70.8,309.3
UTULIYWUD2236,1960-UOTYM,1,Q4,Yes,5,52,None,Yes,16.53,No,Yes,DSL,12,Yes,Yes,Yes,No,Yes,Yes,Yes,Yes,Two Year,No,Bank Withdrawal,79.2,4016.3,0,0,859.56,4875.86
RZLYEPGOF8936,2740-JFBOK,1,Q4,No,0,10,Offer D,Yes,3.01,Yes,No,None,0,No,No,No,No,No,No,No,No,Month-to-Month,Yes,Bank Withdrawal,24,226.55,0,0,30.1,256.65
EDUBBHUNZ4271,6500-JVEGC,1,Q4,No,0,68,None,Yes,11.22,Yes,Yes,Fiber Optic,7,Yes,Yes,Yes,No,Yes,No,No,Yes,One Year,No,Bank Withdrawal,101.35,7110.75,0,0,762.96,7873.71
OAEMYXUHV3798,5245-VDBUR,1,Q4,Yes,4,52,None,No,0,No,Yes,DSL,8,Yes,No,Yes,No,No,No,No,Yes,One Year,No,Credit Card,35.45,1958.95,0,0,0,1958.95
RWODMEKPD2436,8469-SNFFH,1,Q4,No,0,70,None,Yes,43.46,Yes,Yes,DSL,21,Yes,Yes,Yes,Yes,Yes,No,No,Yes,One Year,No,Bank Withdrawal,79.4,5528.9,0,0,3042.2,8571.1
NFBTASSMC4788,2144-ESWKO,1,Q4,No,0,43,None,No,0,No,Yes,Cable,4,Yes,No,Yes,No,No,No,No,Yes,One Year,Yes,Credit Card,35.2,1463.7,0,0,0,1463.7
KFBLHGXDE5448,1241-FPMOF,1,Q4,No,0,52,None,Yes,21.98,No,No,None,0,No,No,No,No,No,No,No,No,Two Year,No,Credit Card,19.65,1025.05,0,0,1142.96,2168.01
HXXBGVEXO7573,9928-BZVLZ,1,Q4,No,0,12,Offer D,No,0,No,Yes,DSL,7,Yes,No,Yes,Yes,No,Yes,Yes,Yes,Two Year,No,Credit Card,49.85,552.1,0,0,0,552.1
EXBSZUQRE5683,4114-QMKVN,1,Q4,Yes,7,56,None,Yes,7.31,Yes,Yes,DSL,76,Yes,Yes,No,No,No,Yes,Yes,No,One Year,No,Bank Withdrawal,68.75,3815.4,0,110,409.36,4334.76
RZDCKWBFN6947,2775-SEFEE,1,Q4,No,0,10,None,Yes,29.95,Yes,Yes,DSL,19,Yes,Yes,No,Yes,No,No,No,Yes,Two Year,Yes,Bank Withdrawal,61.9,619,0,0,299.5,918.5
BARUMKWCK7892,9003-CPATH,1,Q4,No,0,42,None,Yes,9.46,Yes,Yes,Fiber Optic,14,No,No,Yes,No,No,No,No,Yes,Month-to-Month,No,Bank Withdrawal,79.9,3313.4,23.47,0,397.32,3687.25
EBXXLHWKB8425,7956-XQWGU,1,Q4,No,0,27,None,Yes,2.59,No,No,None,0,No,No,No,No,No,No,No,No,Month-to-Month,Yes,Credit Card,19.4,460.25,29.59,0,69.93,500.59
SRBFLKOLN2924,2369-FEVNO,1,Q4,No,0,1,None,Yes,7.76,No,No,None,0,No,No,No,No,No,No,No,No,Month-to-Month,Yes,Credit Card,19.9,19.9,0,0,7.76,27.66
RXCWRKTAJ7349,5115-SQAAU,1,Q4,Yes,5,69,None,Yes,20.98,Yes,No,None,0,No,No,No,No,No,No,No,No,Two Year,Yes,Bank Withdrawal,25.6,1673.4,28.09,0,1447.62,3092.93
KTLSKLNQV7254,9845-QOMAD,1,Q4,Yes,6,14,Offer D,Yes,26.99,No,No,None,0,No,No,No,No,No,No,No,No,One Year,No,Credit Card,19.75,309.35,6.49,0,377.86,680.72
WKYDDWFHG9237,7672-VFMXZ,1,Q4,Yes,6,57,None,Yes,15.48,No,Yes,Cable,15,Yes,No,No,Yes,No,No,No,Yes,Month-to-Month,No,Bank Withdrawal,55.7,3171.6,34.59,0,882.36,4019.37
FNOFFDIQC7666,9739-JLPQJ,1,Q4,Yes,9,72,None,Yes,33.37,Yes,Yes,Fiber Optic,16,Yes,Yes,Yes,Yes,Yes,Yes,Yes,Yes,Two Year,No,Credit Card,117.5,8670.1,47.55,0,2402.64,11025.19
GWYWBVNDE4672,9916-AYHTC,1,Q4,No,0,48,None,Yes,32.04,No,No,None,0,No,No,No,No,No,No,No,No,Two Year,No,Credit Card,19.85,916,0,0,1537.92,2453.92
FQXKCROYR8628,3855-ONCAR,1,Q4,Yes,9,4,None,Yes,41.93,No,Yes,Fiber Optic,53,No,No,No,No,Yes,No,No,Yes,Month-to-Month,Yes,Credit Card,78.9,299.75,37.01,0,167.72,430.46
TWVCBMURL5782,1488-SYSFC,1,Q4,Yes,10,31,None,Yes,9.56,No,No,None,0,No,No,No,No,No,No,No,No,Month-to-Month,Yes,Bank Withdrawal,20.65,702.05,43.76,0,296.36,954.65
XCAADMDQH6164,0970-QXPXW,1,Q4,No,0,1,None,Yes,42.42,No,No,None,0,No,No,No,No,No,No,No,No,Month-to-Month,No,Credit Card,19.65,19.65,0,0,42.42,62.07
FGNCRLOHL1329,9572-WUKSB,1,Q4,Yes,5,3,None,No,0,No,Yes,DSL,41,No,No,No,Yes,No,No,No,Yes,Month-to-Month,Yes,Bank Withdrawal,29.9,92.25,0,0,0,92.25
LTSYTUDUM4297,5893-KCLGT,1,Q4,No,0,72,None,Yes,15.21,No,No,None,0,No,No,No,No,No,No,No,No,Two Year,Yes,Credit Card,19.75,1567,25.98,0,1095.12,2636.14
BUCMOCWFL7948,0076-LVEPS,1,Q4,No,0,29,None,No,0,No,Yes,DSL,21,Yes,Yes,Yes,Yes,No,No,No,Yes,Month-to-Month,Yes,Credit Card,45,1242.45,12.26,0,0,1230.19
EOIWQXFXC1624,3640-JQGJG,1,Q4,No,0,13,None,Yes,6.18,No,Yes,Cable,59,No,No,No,No,No,No,No,No,Month-to-Month,No,Bank Withdrawal,44.8,559.2,37.49,90,80.34,692.05
CUNXSADYD1779,1596-OQSPS,1,Q4,No,0,11,None,Yes,2.95,No,Yes,DSL,21,No,Yes,No,No,No,No,No,Yes,Month-to-Month,No,Bank Withdrawal,51.1,531.15,0,0,32.45,563.6
MJBGTWRLS9439,9867-XOBQA,1,Q4,No,0,21,None,No,0,No,Yes,DSL,11,Yes,Yes,Yes,Yes,Yes,No,No,Yes,Two Year,No,Credit Card,53.15,1183.2,19.13,0,0,1164.07
UIBBAZUNJ4931,9546-KDTRB,1,Q4,No,0,19,None,Yes,11.86,Yes,No,None,0,No,No,No,No,No,No,No,No,Month-to-Month,No,Bank Withdrawal,24.7,465.85,1.65,0,225.34,689.54
UIULDOTMD3555,3174-RKMOW,1,Q4,Yes,8,35,None,Yes,48.3,Yes,Yes,Fiber Optic,73,No,Yes,Yes,Yes,Yes,Yes,Yes,Yes,Month-to-Month,Yes,Bank Withdrawal,109.95,3782.4,31.9,0,1690.5,5441
RPPHNJRKK2378,1760-CAZHT,1,Q4,No,0,25,None,Yes,3.07,No,No,None,0,No,No,No,No,No,No,No,No,Month-to-Month,No,Credit Card,20.8,460.2,21.81,0,76.75,515.14
QAFNJLBFA6315,8441-SHIPE,1,Q4,No,0,67,None,Yes,16.72,Yes,No,None,0,No,No,No,No,No,No,No,No,Two Year,Yes,Bank Withdrawal,25.6,1790.35,46.06,0,1120.24,2864.53
EOYLVZCAB8552,1320-GVNHT,1,Q4,Yes,4,72,None,Yes,27.88,Yes,Yes,Fiber Optic,30,Yes,Yes,Yes,No,Yes,Yes,Yes,No,Two Year,Yes,Credit Card,108.4,7767.25,0,30,2007.36,9804.61
ITRZBYMJS6391,1047-RNXZV,1,Q4,No,0,43,None,Yes,3.18,No,No,None,0,No,No,No,No,No,No,No,No,Two Year,No,Credit Card,19.55,876.15,15.17,0,136.74,997.72
SOTDEYHAU6381,3541-ZNUHK,1,Q4,Yes,5,55,None,Yes,20.1,Yes,Yes,Fiber Optic,19,Yes,Yes,No,No,No,No,No,Yes,Month-to-Month,Yes,Bank Withdrawal,85.1,4600.95,14.3,0,1105.5,5692.15
HMVKXKOXB4429,8725-JEDFD,1,Q4,No,0,27,None,Yes,34.98,No,Yes,Fiber Optic,26,No,No,No,No,No,No,No,Yes,Month-to-Month,Yes,Credit Card,69.05,1793.25,22.72,0,944.46,2714.99
LAYZICEEN8325,7562-UXTPG,1,Q4,No,0,13,None,Yes,26.13,No,Yes,Fiber Optic,28,No,No,No,No,No,No,No,Yes,Month-to-Month,Yes,Credit Card,70.15,886.7,8.53,0,339.69,1217.86
BGPJSVLRU9139,8071-SBTRN,1,Q4,No,0,70,None,Yes,23.15,Yes,Yes,Fiber Optic,17,Yes,Yes,Yes,No,Yes,Yes,Yes,Yes,Two Year,Yes,Credit Card,111.15,7737.55,46.26,0,1620.5,9311.79
HQDHUNOTO4185,6668-CNMFP,1,Q4,Yes,1,19,None,Yes,36.92,Yes,Yes,Fiber Optic,52,No,No,No,Yes,No,Yes,Yes,Yes,One Year,Yes,Bank Withdrawal,89.35,1686.85,0,0,701.48,2388.33
BGOFYDBJK9644,5626-MGTUK,1,Q4,No,0,20,None,Yes,24.73,Yes,Yes,Fiber Optic,25,Yes,No,No,No,Yes,No,No,No,Month-to-Month,Yes,Bank Withdrawal,89.1,1879.25,15.43,30,494.6,2388.42
FPVYHGGTB1425,5681-LLOEI,1,Q4,Yes,11,43,None,Yes,42.22,Yes,Yes,Fiber Optic,25,Yes,No,Yes,Yes,No,No,No,Yes,One Year,Yes,Credit Card,91.25,4013.8,25.49,0,1815.46,5803.77
PHERQQHGS8235,8212-DJRCH,1,Q4,Yes,1,5,None,Yes,15.01,No,Yes,Fiber Optic,19,Yes,No,Yes,No,No,Yes,Yes,Yes,Month-to-Month,Yes,Credit Card,90.35,434.5,17.33,0,75.05,492.22
XXVWMONVN3959,4933-BSAIP,1,Q4,Yes,1,40,None,Yes,31.37,No,No,None,0,No,No,No,No,No,No,No,No,Two Year,No,Credit Card,19.1,780.1,45.6,0,1254.8,1989.3
DJJAEAUXH6224,2030-BTZRO,1,Q4,Yes,1,6,None,Yes,41.36,No,No,None,0,No,No,No,No,No,No,No,No,Two Year,Yes,Credit Card,20.4,107.6,0,0,248.16,355.76
OREYEHMIW5916,1116-DXXDF,1,Q4,No,0,39,None,Yes,37.94,No,Yes,Fiber Optic,19,Yes,No,Yes,No,Yes,Yes,Yes,Yes,Two Year,Yes,Bank Withdrawal,100.45,3801.7,0,0,1479.66,5281.36
FIZBHNMOE4475,0270-THENM,1,Q4,Yes,1,72,None,Yes,28.37,Yes,Yes,DSL,18,Yes,Yes,Yes,Yes,No,No,No,Yes,Two Year,No,Bank Withdrawal,69.85,5102.35,25.24,0,2042.64,7119.75
AXMXTEARY5466,4707-MAXGU,1,Q4,Yes,1,72,None,Yes,36.03,Yes,No,None,0,No,No,No,No,No,No,No,No,Two Year,No,Credit Card,25.85,1872.2,5.73,0,2594.16,4460.63
USTZXCQVF5975,2710-WYVXG,1,Q4,No,0,3,None,Yes,37,No,Yes,DSL,22,Yes,Yes,No,Yes,No,Yes,Yes,Yes,Two Year,No,Credit Card,71.1,213.35,2.62,0,111,321.73
FPGVPZRWP8832,6300-BWMJX,1,Q4,Yes,1,59,None,Yes,20.78,Yes,Yes,Fiber Optic,26,No,No,Yes,Yes,Yes,No,No,Yes,Month-to-Month,No,Bank Withdrawal,93.35,5386.5,36.07,0,1226.02,6576.45
MJTFBCDCG9632,7009-LGECI,1,Q4,No,0,4,None,Yes,22.07,No,Yes,DSL,41,Yes,No,No,No,No,No,No,Yes,Month-to-Month,Yes,Bank Withdrawal,50.55,235.65,0,0,88.28,323.93
JIIWEJIAT5248,5022-KVDQT,1,Q4,No,0,27,None,Yes,25.51,Yes,Yes,Fiber Optic,69,No,No,Yes,No,No,No,No,No,Month-to-Month,Yes,Bank Withdrawal,81.3,2272.8,29.93,130,688.77,3061.64
VWVPIYTHF9656,7976-CICYS,1,Q4,No,0,4,None,Yes,27.04,No,No,None,0,No,No,No,No,No,No,No,No,Month-to-Month,Yes,Credit Card,20.7,83.75,0,0,108.16,191.91
VARKAXYPB8548,1036-GUDCL,1,Q4,Yes,1,60,None,Yes,39.76,No,Yes,DSL,76,Yes,Yes,No,Yes,Yes,Yes,Yes,Yes,Month-to-Month,Yes,Credit Card,79.05,4663.4,0,0,2385.6,7049
THGZPFGIB5217,2005-DWQZJ,1,Q4,Yes,1,8,None,Yes,42.67,No,No,None,0,No,No,No,No,No,No,No,No,Two Year,No,Credit Card,19.05,201.7,0,0,341.36,543.06
KGSZZNVOH5123,8148-WOCMK,1,Q4,Yes,1,8,Offer E,Yes,13.43,No,No,None,0,No,No,No,No,No,No,No,No,Two Year,No,Credit Card,19.6,125,0,0,107.44,232.44
XEWANDPJT1959,7815-PDTHL,1,Q4,No,0,35,None,Yes,42.8,No,No,None,0,No,No,No,No,No,No,No,No,Two Year,Yes,Credit Card,20.2,684.4,0,0,1498,2182.4
NFPTQDDHB4222,9173-IVZVP,1,Q4,Yes,1,53,None,Yes,43.71,No,No,None,0,No,No,No,No,No,No,No,No,Two Year,No,Credit Card,20.9,1146.05,0,0,2316.63,3462.68
LEOHTREPJ5639,3635-JBPSG,1,Q4,No,0,15,None,No,0,No,Yes,DSL,23,No,Yes,No,No,No,Yes,Yes,Yes,Two Year,Yes,Credit Card,38.8,603,0,0,0,603
JIUYSMUFK9924,7964-ZRKKG,1,Q4,Yes,1,67,None,Yes,37.6,Yes,Yes,Fiber Optic,23,No,Yes,No,No,Yes,No,No,Yes,One Year,Yes,Bank Withdrawal,88.4,5798.3,0,0,2519.2,8317.5
FCAMVFOQN5195,1724-IQWNM,1,Q4,No,0,1,Offer E,Yes,8.66,No,No,None,0,No,No,No,No,No,No,No,No,Month-to-Month,Yes,Credit Card,19.3,19.3,0,0,8.66,27.96
XTLMZMNRT4657,8217-QYOHV,1,Q4,No,0,5,Offer E,Yes,30.92,No,Yes,Cable,41,Yes,No,No,Yes,No,No,Yes,Yes,Month-to-Month,Yes,Credit Card,55.75,266.95,0,0,154.6,421.55
FOJPPYFSS8637,5546-QUERU,1,Q4,No,0,13,None,Yes,16.35,No,No,None,0,No,No,No,No,No,No,No,No,One Year,Yes,Credit Card,19.95,257,0,0,212.55,469.55
QCUOMVHEL8295,6897-UUBNU,1,Q4,No,0,29,None,Yes,12.92,No,Yes,Fiber Optic,24,No,Yes,No,Yes,Yes,No,No,No,Month-to-Month,No,Credit Card,89.65,2623.65,0,10,374.68,3008.33
UHRTNSNLD8495,8930-XOTDP,1,Q4,Yes,1,18,None,Yes,18.47,No,Yes,DSL,30,No,No,No,No,Yes,No,No,Yes,Month-to-Month,No,Credit Card,55.95,1082.8,0,0,332.46,1415.26
WZLFOUJUH3775,5916-QEWPT,1,Q4,Yes,1,2,Offer E,Yes,27.41,No,Yes,Cable,23,No,No,Yes,No,Yes,Yes,Yes,Yes,Month-to-Month,No,Credit Card,69,147.8,0,0,54.82,202.62
EHWYMTFOU4944,5060-TQUQN,1,Q4,Yes,1,30,None,Yes,10.24,Yes,Yes,Fiber Optic,48,No,Yes,No,Yes,No,No,Yes,Yes,Month-to-Month,Yes,Bank Withdrawal,83.55,2570.2,0,0,307.2,2877.4
ZSZLPHQSN5613,0531-XBKMM,1,Q4,No,0,66,None,Yes,32.12,Yes,Yes,DSL,17,Yes,Yes,No,Yes,No,No,No,Yes,Two Year,No,Bank Withdrawal,65.7,4378.9,0,0,2119.92,6498.82
TOFVELGMI3655,8465-SBRXP,1,Q4,Yes,1,38,None,Yes,25.84,Yes,Yes,Fiber Optic,19,No,No,Yes,Yes,Yes,No,No,No,Two Year,Yes,Bank Withdrawal,94.9,3616.25,0,0,981.92,4598.17
GEOMMCFER5536,2408-PSJVE,1,Q4,Yes,1,44,None,Yes,37.68,No,Yes,DSL,24,No,Yes,Yes,Yes,No,No,No,Yes,Month-to-Month,Yes,Credit Card,61.9,2924.05,0,0,1657.92,4581.97
REMRGVLIK9266,9700-ZCLOT,1,Q4,No,0,2,Offer E,Yes,17.03,No,No,None,0,No,No,No,No,No,No,No,No,Month-to-Month,No,Credit Card,20,32.7,0,0,34.06,66.76
PLMNEERFP5911,8738-JOKAR,1,Q4,No,0,42,None,Yes,39.32,No,Yes,Cable,20,Yes,Yes,No,Yes,No,Yes,Yes,Yes,One Year,Yes,Credit Card,67.7,2882.25,0,0,1651.44,4533.69
HBDBUJMHB8743,4534-WGCIR,1,Q4,Yes,1,58,None,Yes,29.5,Yes,No,None,0,No,No,No,No,No,No,No,No,Two Year,No,Credit Card,25.15,1509.9,0,0,1711,3220.9
LTBYZUEZN9464,1930-WNXSB,1,Q4,Yes,1,58,None,Yes,47.69,No,Yes,Fiber Optic,24,No,Yes,No,No,Yes,Yes,Yes,Yes,Month-to-Month,Yes,Bank Withdrawal,92.85,5305.05,0,0,2766.02,8071.07
TWQUZMNGB3635,3508-CFVZL,1,Q4,No,0,71,Offer A,Yes,49.52,Yes,Yes,Fiber Optic,19,Yes,Yes,Yes,Yes,Yes,Yes,Yes,Yes,Two Year,No,Credit Card,111.3,7985.9,0,0,3515.92,11501.82
LFNDKXTXI9726,0657-DOGUM,1,Q4,Yes,1,48,Offer B,Yes,44.72,Yes,Yes,DSL,13,Yes,No,No,Yes,No,No,No,No,One Year,Yes,Bank Withdrawal,60.6,2985.25,0,100,2146.56,5231.81
DSBKBPHZG5346,8792-AOROI,1,Q4,Yes,1,8,Offer E,Yes,23.68,No,Yes,DSL,41,Yes,No,No,Yes,No,Yes,Yes,Yes,Two Year,No,Credit Card,65.5,564.35,0,0,189.44,753.79
PXEJBXRTO3494,5146-YYFRZ,1,Q4,No,0,67,Offer A,Yes,15.32,No,No,None,0,No,No,No,No,No,No,No,No,Two Year,No,Bank Withdrawal,19.95,1311.75,0,0,1026.44,2338.19
TPVAQKRKH6519,3452-SRFEG,1,Q4,No,0,49,Offer B,Yes,23.82,Yes,Yes,Fiber Optic,18,No,No,No,No,No,No,No,Yes,Month-to-Month,Yes,Bank Withdrawal,74.6,3720.35,0,0,1167.18,4887.53
KQGGCHWUA2279,4070-OKWVH,1,Q4,No,0,52,Offer B,Yes,29.23,Yes,Yes,Fiber Optic,30,No,Yes,Yes,No,Yes,No,No,Yes,Month-to-Month,No,Bank Withdrawal,94.6,5025.8,0,0,1519.96,6545.76
ZRYEVYLMI5394,5297-MDOIR,1,Q4,Yes,7,63,Offer B,Yes,34.51,No,Yes,Fiber Optic,46,Yes,No,Yes,No,No,No,Yes,Yes,One Year,Yes,Credit Card,81.15,5224.5,0,0,2174.13,7398.63
MTUIVSCEN4446,6369-MCAKO,1,Q4,Yes,4,68,Offer A,Yes,47.91,Yes,Yes,DSL,23,Yes,Yes,Yes,Yes,Yes,Yes,Yes,Yes,Two Year,Yes,Bank Withdrawal,89.05,6185.8,0,0,3257.88,9443.68
PAABFBKMI5346,4926-UMJZD,1,Q4,Yes,4,31,None,Yes,1.2,No,Yes,DSL,15,No,No,No,Yes,No,No,No,No,Month-to-Month,Yes,Credit Card,49.2,1498.55,0,100,37.2,1635.75
GDFBVRZGY5449,6848-HJTXY,1,Q4,Yes,8,64,Offer B,Yes,19.98,No,No,None,0,No,No,No,No,No,No,No,No,Two Year,No,Credit Card,19.45,1208.6,0,0,1278.72,2487.32
NIRYQHEDR1786,6341-AEVKX,1,Q4,Yes,5,62,Offer B,Yes,44.95,No,Yes,Fiber Optic,5,Yes,No,Yes,Yes,Yes,Yes,Yes,Yes,One Year,Yes,Bank Withdrawal,104.3,6613.65,0,0,2786.9,9400.55
OWZIPEAYD3239,0682-USIXD,1,Q4,Yes,7,21,None,Yes,14.81,No,Yes,Fiber Optic,25,No,No,No,Yes,Yes,No,No,Yes,Month-to-Month,Yes,Bank Withdrawal,86.05,1818.9,0,0,311.01,2129.91
NNUZQETAG4556,6976-BWGLQ,1,Q4,Yes,1,72,Offer A,Yes,39.3,Yes,No,None,0,No,No,No,No,No,No,No,No,Two Year,No,Bank Withdrawal,25.2,1787.35,0,0,2829.6,4616.95
SAIQZQNTN5544,7078-NVFAM,1,Q4,Yes,3,32,None,No,0,No,Yes,Cable,14,Yes,Yes,No,No,No,No,No,Yes,Month-to-Month,Yes,Bank Withdrawal,35.15,1051.05,0,0,0,1051.05
UVQDHZMIA7679,2133-TSRRM,1,Q4,No,0,34,None,Yes,32.94,No,Yes,Fiber Optic,21,Yes,Yes,Yes,No,Yes,Yes,Yes,No,Month-to-Month,Yes,Bank Withdrawal,105.35,3688.6,0,110,1119.96,4918.56
QTULUXANF5957,2511-ALLCS,1,Q4,Yes,5,35,None,Yes,18.86,Yes,No,None,0,No,No,No,No,No,No,No,No,Two Year,No,Bank Withdrawal,24.3,821.6,0,0,660.1,1481.7
OPOPRDKYM6345,3191-CSNMG,1,Q4,Yes,5,3,Offer E,Yes,23.72,No,Yes,Fiber Optic,17,No,No,No,No,Yes,No,No,Yes,Month-to-Month,Yes,Bank Withdrawal,80.7,239.45,0,0,71.16,310.61
ONCLGTRFT8677,7952-OBOYL,1,Q4,No,0,3,None,Yes,25.1,No,Yes,Fiber Optic,59,No,No,Yes,Yes,Yes,No,Yes,Yes,Month-to-Month,Yes,Credit Card,89.85,244.45,0,0,75.3,319.75
OBLLWDKSK2271,7470-DYNOE,1,Q4,No,0,53,Offer B,Yes,4.82,No,Yes,DSL,24,No,No,Yes,No,No,Yes,Yes,Yes,One Year,Yes,Bank Withdrawal,61.1,3357.9,0,0,255.46,3613.36
KRUJMNWEO4585,7853-OETYL,1,Q4,Yes,2,4,Offer E,No,0,No,Yes,DSL,13,Yes,No,No,No,No,No,No,Yes,Month-to-Month,Yes,Bank Withdrawal,29.05,129.6,0,0,0,129.6
CYKYYZNZO9352,1545-ACTAS,1,Q4,Yes,2,48,Offer B,Yes,36.18,No,Yes,Fiber Optic,29,Yes,No,Yes,No,Yes,Yes,Yes,Yes,One Year,Yes,Bank Withdrawal,99.7,4977.2,0,0,1736.64,6713.84
YXOXUHIYZ1765,5126-RCXYW,1,Q4,No,0,54,Offer B,No,0,No,Yes,DSL,19,No,No,Yes,Yes,No,Yes,Yes,No,Two Year,No,Credit Card,46,2424.05,0,90,0,2514.05
NMVPWLUPS7433,2363-BJLSL,1,Q4,No,0,62,Offer B,Yes,48.72,No,Yes,DSL,2,No,Yes,Yes,Yes,Yes,Yes,Yes,Yes,Month-to-Month,Yes,Bank Withdrawal,80.4,4981.15,0,0,3020.64,8001.79
YWAVSWHBN2175,1956-YIFGE,1,Q4,Yes,10,22,None,Yes,9.05,No,Yes,Fiber Optic,57,No,Yes,Yes,No,Yes,Yes,Yes,Yes,One Year,Yes,Credit Card,100.05,2090.25,0,0,199.1,2289.35
IAMWCYFOA9571,2925-MXLSX,1,Q4,No,0,30,Offer C,Yes,22.64,Yes,Yes,DSL,18,No,Yes,Yes,No,Yes,No,No,Yes,One Year,Yes,Credit Card,68.95,2038.7,0,0,679.2,2717.9
RYPHDMCYO3819,9609-BENEA,1,Q4,Yes,6,35,Offer C,Yes,45.97,Yes,Yes,DSL,13,No,Yes,No,Yes,Yes,No,No,Yes,One Year,Yes,Bank Withdrawal,69,2441.7,0,0,1608.95,4050.65
RDLWJEJJK6599,4459-BBGHE,1,Q4,No,0,30,Offer C,No,0,No,Yes,DSL,17,No,No,No,No,Yes,Yes,Yes,Yes,Month-to-Month,Yes,Bank Withdrawal,44.5,1307.8,0,0,0,1307.8
GBGFOWPMN2473,9945-PSVIP,1,Q4,Yes,3,25,Offer C,Yes,2.82,No,No,None,0,No,No,No,No,No,No,No,No,Two Year,Yes,Credit Card,18.7,383.65,0,0,70.5,454.15
GXOSURHOP8372,9108-EJFJP,1,Q4,Yes,6,1,Offer E,Yes,16.06,No,Yes,DSL,59,Yes,Yes,No,No,No,No,Yes,Yes,Month-to-Month,Yes,Credit Card,53.55,53.55,0,0,16.06,69.61
KZTAXUVGJ2881,0530-IJVDB,1,Q4,No,0,70,Offer A,Yes,26.67,Yes,Yes,Fiber Optic,17,Yes,Yes,Yes,Yes,Yes,Yes,Yes,Yes,Two Year,Yes,Bank Withdrawal,114.6,7882.5,0,0,1866.9,9749.4
IXQZOUVOI6219,0508-SQWPL,1,Q4,Yes,9,57,Offer B,Yes,26.67,No,No,None,0,No,No,No,No,No,No,No,No,Two Year,Yes,Bank Withdrawal,20.1,1087.7,0,0,1520.19,2607.89
TFWDLTUSG8656,2215-ZAFGX,1,Q4,No,0,9,Offer E,Yes,11.5,Yes,Yes,Fiber Optic,14,No,No,No,No,Yes,No,No,Yes,Month-to-Month,Yes,Bank Withdrawal,85.5,791.7,0,0,103.5,895.2
PHSGJGFQW7174,8213-TAZPM,1,Q4,Yes,5,69,Offer A,Yes,46.45,Yes,Yes,Fiber Optic,26,No,Yes,Yes,Yes,Yes,Yes,Yes,No,One Year,Yes,Bank Withdrawal,108.75,7493.05,0,100,3205.05,10798.1
TEAWTDUHP3894,1304-SEGFY,1,Q4,Yes,7,72,Offer A,Yes,2.56,Yes,Yes,Fiber Optic,24,No,No,Yes,No,Yes,Yes,Yes,Yes,Two Year,Yes,Bank Withdrawal,97.85,6841.3,0,0,184.32,7025.62
CDSJCUWGE4294,7242-EDTYC,1,Q4,No,0,44,Offer B,Yes,14.37,No,No,None,0,No,No,No,No,No,No,No,No,Two Year,No,Bank Withdrawal,19.55,819.95,0,0,632.28,1452.23
EMXZEETBC7125,2904-GGUAZ,1,Q4,Yes,8,72,Offer A,Yes,16.15,Yes,Yes,Fiber Optic,52,Yes,Yes,No,No,No,No,Yes,Yes,Two Year,Yes,Bank Withdrawal,84.05,6052.25,0,0,1162.8,7215.05
CWLVMEYON5631,5136-GFPMB,1,Q4,No,0,54,Offer B,Yes,35.32,Yes,Yes,Fiber Optic,15,No,No,Yes,No,No,Yes,Yes,Yes,Month-to-Month,No,Credit Card,89.4,4869.5,0,0,1907.28,6776.78
BIVDDRTZY9775,2595-KIWPV,1,Q4,No,0,27,Offer C,Yes,32.28,No,No,None,0,No,No,No,No,No,No,No,No,Two Year,No,Credit Card,19.7,509.3,0,0,871.56,1380.86
VXIHZYTNB3466,5243-SAOTC,1,Q4,No,0,54,Offer B,Yes,7.64,Yes,Yes,Fiber Optic,3,No,Yes,No,No,No,No,No,Yes,Month-to-Month,Yes,Bank Withdrawal,79.85,4308.25,0,0,412.56,4720.81
GRDFIPMLY4543,9398-MMQTO,1,Q4,No,0,3,None,Yes,34.8,No,Yes,Fiber Optic,5,No,Yes,No,No,No,No,No,No,Month-to-Month,No,Credit Card,74.45,221.1,0,70,104.4,395.5
QLEGIQLYG9919,7619-PLRLP,1,Q4,Yes,3,53,Offer B,Yes,37.14,Yes,Yes,Cable,4,Yes,Yes,Yes,No,No,Yes,Yes,Yes,One Year,No,Bank Withdrawal,74.1,3833.95,0,0,1968.42,5802.37
XSAWWRBVP9457,6508-NJYRO,1,Q4,Yes,5,15,None,Yes,14.27,No,No,None,0,No,No,No,No,No,No,No,No,One Year,No,Credit Card,18.8,294.95,0,0,214.05,509
NSKWGUDPL2681,4710-NKCAW,1,Q4,Yes,7,5,None,Yes,17.37,Yes,Yes,DSL,15,Yes,Yes,No,Yes,No,No,No,Yes,Month-to-Month,No,Credit Card,64.4,316.9,0,0,86.85,403.75
RQYGXTBCS4168,5306-BVTKJ,1,Q4,Yes,1,48,Offer B,Yes,38.3,No,Yes,DSL,85,No,Yes,Yes,No,No,No,Yes,Yes,One Year,Yes,Credit Card,55.8,2651.2,0,0,1838.4,4489.6
RXBYSHDPH8848,0357-NVCRI,1,Q4,No,0,25,Offer C,Yes,12.87,No,No,None,0,No,No,No,No,No,No,No,No,Month-to-Month,No,Credit Card,20.05,471.7,0,0,321.75,793.45
XZJWBZEBV6219,2371-KFUOG,1,Q4,No,0,58,Offer B,Yes,32.67,No,Yes,Fiber Optic,14,Yes,Yes,No,No,Yes,Yes,Yes,Yes,One Year,No,Bank Withdrawal,99.15,5720.95,0,0,1894.86,7615.81
ZIWSZMFFF2122,0463-ZSDNT,1,Q4,No,0,10,None,Yes,30.3,No,Yes,DSL,73,No,No,No,No,No,Yes,Yes,No,Month-to-Month,Yes,Bank Withdrawal,56.75,503.25,0,30,303,836.25
BSOOLGFKN6126,6257-DTAYD,1,Q4,Yes,1,71,Offer A,Yes,3.86,Yes,Yes,Fiber Optic,85,No,Yes,No,Yes,Yes,Yes,Yes,Yes,Two Year,Yes,Credit Card,104.15,7365.3,0,0,274.06,7639.36
KDIINNPDD1314,4616-ULAOA,1,Q4,Yes,1,65,Offer B,Yes,45.21,Yes,Yes,Fiber Optic,19,No,Yes,Yes,Yes,Yes,Yes,Yes,Yes,Two Year,Yes,Credit Card,110.8,7245.9,0,0,2938.65,10184.55
KUWMDSVND7717,7746-AWNQW,1,Q4,No,0,28,Offer C,No,0,No,Yes,DSL,2,No,No,Yes,Yes,No,No,No,Yes,Month-to-Month,Yes,Mailed Check,35.75,961.4,0,0,0,961.4
DCRNNMMUO8645,5996-EBTKM,1,Q4,Yes,1,67,Offer A,Yes,14.83,Yes,Yes,DSL,24,No,No,Yes,Yes,No,Yes,Yes,Yes,Two Year,Yes,Bank Withdrawal,69.9,4615.9,0,0,993.61,5609.51
TBDHKLFKY2841,2758-RNWXS,1,Q4,No,0,35,Offer C,Yes,49.61,No,Yes,Fiber Optic,26,Yes,No,No,Yes,No,Yes,Yes,Yes,One Year,Yes,Bank Withdrawal,89.2,3251.3,0,0,1736.35,4987.65
PQMGQOYHD2744,2314-TNDJQ,1,Q4,Yes,1,72,Offer A,No,0,No,Yes,Cable,59,Yes,Yes,Yes,Yes,No,Yes,Yes,Yes,Two Year,No,Credit Card,55.65,3880.05,0,0,0,3880.05
BGUVNIDLP7313,2405-LBMUW,1,Q4,Yes,1,61,Offer B,No,0,No,Yes,DSL,59,Yes,Yes,No,Yes,No,Yes,Yes,No,One Year,Yes,Bank Withdrawal,50.7,3088.75,0,20,0,3108.75
ODKGZEXBE9318,9039-ZVJDC,1,Q4,No,0,3,None,Yes,16.32,No,No,None,0,No,No,No,No,No,No,No,No,Month-to-Month,Yes,Credit Card,19.1,53.05,0,0,48.96,102.01
ALPLJEMTC7472,9013-AQORL,1,Q4,No,0,48,Offer B,No,0,No,Yes,DSL,48,No,Yes,Yes,No,No,Yes,Yes,Yes,Month-to-Month,No,Credit Card,45.55,2108.35,0,0,0,2108.35
NSIDMCMEQ8514,2898-MRKPI,1,Q4,Yes,10,68,Offer A,Yes,34.62,Yes,Yes,Fiber Optic,18,No,Yes,No,No,Yes,Yes,Yes,Yes,One Year,Yes,Credit Card,101.05,6770.5,0,0,2354.16,9124.66
PMXTVRUOR4827,2750-BJLSB,1,Q4,No,0,47,Offer B,Yes,2.45,No,Yes,Fiber Optic,13,Yes,No,Yes,Yes,Yes,Yes,Yes,Yes,One Year,Yes,Bank Withdrawal,103.7,4730.6,0,0,115.15,4845.75
VPNMAPJBW2975,3648-GZPHF,1,Q4,Yes,2,32,Offer C,No,0,No,Yes,DSL,53,No,No,Yes,Yes,No,No,No,Yes,One Year,Yes,Mailed Check,36.25,1151.05,0,0,0,1151.05
IFLIHZTUI2275,2075-RMJIK,1,Q4,Yes,3,5,None,Yes,47.06,No,Yes,Cable,52,Yes,No,No,No,No,No,No,No,Month-to-Month,Yes,Mailed Check,49.4,232.55,0,10,235.3,477.85
BBMHTTNCA9365,9588-YRFHY,1,Q4,No,0,49,Offer B,Yes,6.26,No,No,None,0,No,No,No,No,No,No,No,No,Two Year,Yes,Credit Card,19.9,1022.6,0,0,306.74,1329.34
LXKDZIWIO7174,9364-YKUVW,1,Q4,No,0,15,None,Yes,16.13,No,No,None,0,No,No,No,No,No,No,No,No,Month-to-Month,Yes,Mailed Check,19.8,309.4,0,0,241.95,551.35
RJJITRKFD1932,5392-AKEMH,1,Q4,No,0,12,None,Yes,31.22,No,Yes,DSL,12,No,No,No,No,No,No,No,Yes,Month-to-Month,Yes,Bank Withdrawal,45.05,523.1,0,0,374.64,897.74
GYMERUORW5373,3914-FDRHP,1,Q4,No,0,9,None,Yes,46.34,No,Yes,Fiber Optic,59,No,No,No,Yes,Yes,No,No,Yes,Month-to-Month,No,Bank Withdrawal,86.25,770.5,0,0,417.06,1187.56
SHCVCLIRC6966,3078-ZKNTS,1,Q4,Yes,7,13,None,Yes,5.58,No,No,None,0,No,No,No,No,No,No,No,No,Two Year,Yes,Bank Withdrawal,19.75,246.7,0,0,72.54,319.24
JXJZVSRDD8342,1024-KPRBB,1,Q4,No,0,38,Offer C,Yes,30.09,No,Yes,Fiber Optic,18,No,No,No,No,Yes,Yes,Yes,No,One Year,Yes,Mailed Check,89.1,3342,0,90,1143.42,4575.42
OBVIMOVGI5176,9547-ITEFG,1,Q4,Yes,8,9,Offer E,Yes,23.42,Yes,Yes,Fiber Optic,30,No,Yes,Yes,No,Yes,Yes,Yes,Yes,Month-to-Month,Yes,Credit Card,102.6,897.75,0,0,210.78,1108.53
OIZTLLBXG6664,1264-FUHCX,1,Q4,Yes,1,49,Offer B,No,0,No,Yes,DSL,21,No,Yes,No,Yes,Yes,Yes,Yes,Yes,One Year,Yes,Credit Card,56.3,2780.6,0,0,0,2780.6
UTGAYJVRH1746,6598-KELSS,1,Q4,No,0,50,Offer B,No,0,No,Yes,DSL,76,Yes,Yes,No,No,Yes,No,No,Yes,One Year,Yes,Bank Withdrawal,43.05,2208.05,0,0,0,2208.05
ORRMMBAWL8361,0422-UXFAP,1,Q4,Yes,1,51,Offer B,Yes,47.72,Yes,Yes,Fiber Optic,23,No,No,Yes,No,Yes,Yes,Yes,No,One Year,Yes,Bank Withdrawal,98.85,4947.55,0,130,2433.72,7511.27
IMUHOYCMM2854,1904-WAJAA,1,Q4,No,0,24,Offer C,Yes,46.54,Yes,Yes,DSL,85,Yes,Yes,Yes,No,No,No,No,Yes,Two Year,No,Bank Withdrawal,64.35,1558.65,0,0,1116.96,2675.61
EZZYRQOOZ5379,5130-YPIRV,1,Q4,Yes,1,62,Offer B,Yes,6.41,No,Yes,Cable,59,Yes,Yes,Yes,No,Yes,No,No,Yes,Two Year,Yes,Credit Card,72,4284.2,0,0,397.42,4681.62
KEIPITNUP2685,2843-CQMEG,1,Q4,No,0,24,Offer C,Yes,3.72,No,Yes,Cable,59,No,Yes,No,No,No,No,No,Yes,Month-to-Month,Yes,Mailed Check,49.7,1218.25,0,0,89.28,1307.53
EJFPBNNNV5192,6439-PKTRR,1,Q4,Yes,6,70,Offer A,Yes,4.11,Yes,Yes,Cable,16,Yes,Yes,Yes,Yes,Yes,No,No,Yes,Two Year,No,Bank Withdrawal,80.7,5617.95,0,0,287.7,5905.65
MTHUTAGLX7268,5351-QESIO,1,Q4,No,0,1,Offer E,No,0,No,Yes,Cable,17,No,No,No,No,No,No,No,Yes,Month-to-Month,No,Mailed Check,24.2,24.2,0,0,0,24.2
KVKCASRGB7721,5568-DMXZS,1,Q4,No,0,8,Offer E,Yes,37.37,No,Yes,Cable,16,No,Yes,No,Yes,Yes,No,No,Yes,Month-to-Month,Yes,Bank Withdrawal,65.45,554.45,0,0,298.96,853.41
MWKSBFIFV4269,8468-FZTOE,1,Q4,Yes,8,72,Offer A,Yes,17.21,No,Yes,Cable,53,Yes,Yes,Yes,Yes,No,Yes,Yes,No,Two Year,Yes,Bank Withdrawal,74.35,5237.4,0,50,1239.12,6526.52
FEMGCMDIC6268,6633-SYEUS,1,Q4,No,0,23,None,Yes,19.96,No,Yes,Fiber Optic,76,No,Yes,Yes,Yes,No,No,No,Yes,Month-to-Month,No,Bank Withdrawal,83.2,2032.3,23.79,0,459.08,2467.59
JJBSRCGJL9478,6447-GORXK,1,Q4,No,0,31,Offer C,No,0,No,Yes,Cable,51,No,No,No,No,No,No,No,Yes,Month-to-Month,No,Credit Card,25,789.2,22.4,0,0,766.8
XUHPBRYSU8754,6967-PEJLL,1,Q4,Yes,7,37,Offer C,No,0,No,Yes,Cable,52,Yes,No,Yes,Yes,No,No,No,Yes,One Year,Yes,Bank Withdrawal,40.2,1525.35,0,0,0,1525.35
IKEFMORID4663,1684-FLBGS,1,Q4,Yes,6,23,None,Yes,27.49,Yes,Yes,Cable,21,No,Yes,No,Yes,Yes,No,No,Yes,Month-to-Month,Yes,Credit Card,69.5,1652.1,16.89,0,632.27,2267.48
QJAKTPLMO3343,1389-WNUIB,1,Q4,Yes,7,20,None,Yes,15.29,Yes,Yes,Cable,59,Yes,No,No,No,Yes,Yes,Yes,No,One Year,No,Bank Withdrawal,76,1588.75,7.3,70,305.8,1957.25
NYZMCCVXF8957,0376-OIWME,1,Q4,Yes,3,36,Offer C,Yes,41.33,No,Yes,Fiber Optic,41,Yes,No,No,No,Yes,Yes,Yes,Yes,Month-to-Month,Yes,Bank Withdrawal,93.6,3366.05,16.56,0,1487.88,4837.37
QVMEEOEKW2633,0218-QNVAS,1,Q4,Yes,1,71,Offer A,Yes,28.34,Yes,Yes,Fiber Optic,59,No,Yes,No,No,Yes,Yes,Yes,Yes,One Year,No,Bank Withdrawal,100.55,7113.75,16.99,0,2012.14,9108.9
RWVHOEWGC6355,0804-YGEQV,1,Q4,Yes,9,43,Offer B,Yes,28.03,Yes,No,None,0,No,No,No,No,No,No,No,No,One Year,Yes,Bank Withdrawal,24.45,993.15,41.33,0,1205.29,2157.11
CDAJPUQGB2442,7164-BPTUT,1,Q4,No,0,57,Offer B,Yes,9.36,Yes,Yes,Cable,20,Yes,Yes,Yes,Yes,Yes,Yes,Yes,Yes,Two Year,No,Mailed Check,89.55,5012.35,30.45,0,533.52,5515.42
ZDCYYXOUL1894,2523-EWWZL,1,Q4,No,0,27,Offer C,Yes,39.67,No,Yes,Fiber Optic,59,No,Yes,No,No,No,No,No,Yes,Month-to-Month,Yes,Bank Withdrawal,76.1,2093.4,30.14,0,1071.09,3134.35
ESWQXNFHP4217,0928-XUTSN,1,Q4,No,0,13,None,Yes,44.99,No,Yes,Fiber Optic,27,No,No,No,No,No,Yes,Yes,Yes,Month-to-Month,Yes,Bank Withdrawal,80.5,1011.8,24.99,0,584.87,1571.68
PPVUAIJZB1271,0052-YNYOT,1,Q4,No,0,67,None,Yes,23.12,No,No,None,0,No,No,No,No,No,No,No,No,One Year,No,Bank Withdrawal,20.55,1343.4,30.53,0,1549.04,2861.91
FCBCGJGFG6591,9586-JGQKH,1,Q4,Yes,8,64,Offer B,Yes,49.26,Yes,Yes,Fiber Optic,18,No,Yes,No,Yes,Yes,Yes,Yes,Yes,Two Year,Yes,Bank Withdrawal,105.4,6794.75,32.24,0,3152.64,9915.15
MCDRDWALH2619,4501-VCPFK,1,Q4,No,0,26,Offer C,No,0,No,Yes,Cable,47,No,No,Yes,Yes,No,No,No,Yes,Month-to-Month,No,Bank Withdrawal,35.75,1022.5,0,0,0,1022.5
CMXKDQPPC4478,6075-SLNIL,1,Q4,No,0,38,Offer C,Yes,6.71,Yes,Yes,Fiber Optic,11,No,Yes,Yes,No,No,Yes,Yes,Yes,Month-to-Month,Yes,Credit Card,95.1,3691.2,0,0,254.98,3946.18
ILEDQRAGG6952,9347-AERRL,1,Q4,Yes,3,23,None,Yes,36.14,No,No,None,0,No,No,No,No,No,No,No,No,One Year,No,Credit Card,19.3,486.2,0,0,831.22,1317.42
IHQSZPVGH5241,6691-CCIHA,1,Q4,Yes,1,62,Offer B,Yes,4.7,Yes,Yes,Cable,28,Yes,Yes,No,Yes,Yes,Yes,Yes,Yes,Two Year,Yes,Bank Withdrawal,84.95,5150.55,4.68,0,291.4,5437.27
FCINGAIFB5164,1685-BQULA,1,Q4,No,0,40,Offer B,Yes,2.83,Yes,Yes,Fiber Optic,22,No,Yes,Yes,No,Yes,No,No,Yes,Month-to-Month,Yes,Bank Withdrawal,93.4,3756.4,4.18,0,113.2,3865.42
LTXZCKNJT2863,9053-EJUNL,1,Q4,No,0,41,Offer B,Yes,41.85,Yes,Yes,Fiber Optic,16,No,Yes,No,No,Yes,No,No,Yes,Month-to-Month,Yes,Bank Withdrawal,89.2,3645.75,2.21,0,1715.85,5359.39
UFPOLTBXH4527,1471-GIQKQ,1,Q4,No,0,1,None,Yes,44.98,No,Yes,DSL,27,No,Yes,No,No,No,No,No,Yes,Month-to-Month,No,Bank Withdrawal,49.95,49.95,0,0,44.98,94.93
NOHCKZAKT6296,4807-IZYOZ,1,Q4,No,0,51,Offer B,Yes,19.23,No,No,None,0,No,No,No,No,No,No,No,No,Two Year,No,Bank Withdrawal,20.65,1020.75,19.32,0,980.73,1982.16
SWCYHLMEQ4226,9710-NJERN,1,Q4,No,0,39,Offer C,Yes,1.57,No,No,None,0,No,No,No,No,No,No,No,No,Two Year,No,Mailed Check,20.15,826,25.92,0,61.23,861.31
INDMQCUWT7267,9837-FWLCH,1,Q4,Yes,2,12,None,Yes,25.33,No,No,None,0,No,No,No,No,No,No,No,No,Month-to-Month,Yes,Bank Withdrawal,19.2,239,45.46,0,303.96,497.5
GFLKYCVEL1879,7203-OYKCT,1,Q4,No,0,72,None,Yes,33.93,Yes,Yes,Fiber Optic,18,No,Yes,Yes,No,Yes,Yes,Yes,Yes,One Year,Yes,Bank Withdrawal,104.95,7544.3,25.42,0,2442.96,9961.84
SIILGKAZB9169,7398-LXGYX,1,Q4,Yes,2,44,Offer B,Yes,21.39,Yes,Yes,Fiber Optic,10,Yes,No,Yes,No,No,No,No,Yes,Month-to-Month,Yes,Credit Card,84.8,3626.35,43.96,0,941.16,4523.55
VRYRSOTOT8185,2823-LKABH,1,Q4,No,0,18,None,Yes,7.42,Yes,Yes,Fiber Optic,12,No,No,Yes,Yes,No,Yes,Yes,Yes,Month-to-Month,Yes,Bank Withdrawal,95.05,1679.4,38.65,0,133.56,1774.31
YVMMWLAKV5373,0550-DCXLH,1,Q4,No,0,13,None,Yes,40.99,No,Yes,DSL,21,No,Yes,No,Yes,Yes,Yes,Yes,Yes,Month-to-Month,No,Mailed Check,73.35,931.55,49.02,0,532.87,1415.4
MQAPBVJTB9229,9281-CEDRU,1,Q4,Yes,2,68,None,Yes,8.62,No,Yes,DSL,53,No,Yes,No,Yes,Yes,No,No,Yes,Two Year,No,Bank Withdrawal,64.1,4326.25,19.12,0,586.16,4893.29
RPRYJMBME1292,0871-OPBXW,1,Q4,No,0,2,Offer E,Yes,6.85,No,No,None,0,No,No,No,No,No,No,No,No,Month-to-Month,Yes,Mailed Check,20.05,39.25,0,0,13.7,52.95
YOMLYICXA3435,9767-FFLEM,1,Q4,No,0,38,None,Yes,35.04,No,Yes,Fiber Optic,2,No,No,No,No,No,No,No,Yes,Month-to-Month,Yes,Credit Card,69.5,2625.25,20.19,0,1331.52,3936.58
SICVAFJFI8927,8456-QDAVC,1,Q4,No,0,19,None,Yes,29.55,No,Yes,Fiber Optic,13,No,No,No,No,Yes,No,No,Yes,Month-to-Month,Yes,Bank Withdrawal,78.7,1495.1,26.84,0,561.45,2029.71
QELFCASEH5814,7750-EYXWZ,1,Q4,No,0,12,None,No,0,No,Yes,Cable,24,No,Yes,Yes,Yes,Yes,Yes,Yes,Yes,One Year,No,Bank Withdrawal,60.65,743.3,40.41,0,0,702.89
JIVEOZUQQ2296,2569-WGERO,1,Q4,No,0,72,None,Yes,22.77,No,No,None,0,No,No,No,No,No,No,No,No,Two Year,Yes,Bank Withdrawal,21.15,1419.4,19.31,0,1639.44,3039.53
OIQWIUTDY3518,6840-RESVB,1,Q4,Yes,1,24,Offer C,Yes,36.05,Yes,Yes,Cable,24,Yes,No,Yes,Yes,Yes,Yes,Yes,Yes,One Year,Yes,Mailed Check,84.8,1990.5,48.23,0,865.2,2807.47
QSHQPZAYF6519,2234-XADUH,1,Q4,Yes,4,72,None,Yes,29.66,Yes,Yes,Fiber Optic,59,No,Yes,Yes,No,Yes,Yes,Yes,Yes,One Year,Yes,Credit Card,103.2,7362.9,45.38,0,2135.52,9453.04
PMJLYZGVQ7211,4801-JZAZL,1,Q4,Yes,1,11,None,No,0,No,Yes,DSL,17,Yes,No,No,No,No,No,No,Yes,Month-to-Month,Yes,Bank Withdrawal,29.6,346.45,27.24,0,0,319.21
BILLTTPVG8428,3186-AJIEK,1,Q4,No,0,66,None,Yes,30.96,No,Yes,Fiber Optic,11,Yes,No,Yes,Yes,Yes,Yes,Yes,Yes,Two Year,Yes,Bank Withdrawal,105.65,6844.5,0,0,2043.36,8887.86
